entity_type,key,name,team,is_available,price_m,season_points,expected_fantasy_points,value_per_million,risk_score,retirement_probability,non_classification_probability,qualifying_points_est,race_finish_points_est,position_change_points_est,overtake_points_est,fastest_lap_points_est,dotd_probability,dotd_points_est,dnf_penalty_points_est,sprint_finish_points_est,sprint_position_change_points_est,sprint_overtake_points_est,sprint_fastest_lap_points_est,sprint_dnf_penalty_points_est,sprint_points_est,sprint_weekend,constructor_bonus_points_est,pit_stop_points_est,pit_stop_base_points_est,pit_stop_fastest_bonus_est,pit_stop_record_bonus_est,pit_stop_quality_rating,mode,next_gp,run_timestamp,track_name,high_speed_corner_demand,low_speed_corner_demand,straight_line_demand,traction_demand,overtaking_difficulty,overtake_mode_effectiveness,style_braking_aggression_demand,style_tyre_saving_demand,quali_importance,safety_car_risk,wet_sensitivity,price_last_two_points,price_known_race_count,price_projected_rolling_ppm,price_points_needed_good,price_points_needed_great,projected_price_delta_m,uncapped_projected_price_delta_m,price_floor_m,price_floor_capped,projected_price_bucket,price_margin_to_good,price_margin_to_great,price_rise_path_score,price_fall_risk_score,risk_adjusted_price_delta_m,price_growth_score,price_model_type,price_bucket_range,price_model_confidence,price_model_notes,notes
constructor,MER,Mercedes,Mercedes,TRUE,33.8,1269,57.06,1.69,11.0,,,10.0,29.62,2.62,1.63,1.96,0.0,0.0,-4.16,0.0,0.0,0.0,0.0,0.0,0.0,FALSE,10.0,5.4,4.66,0.72,0.03,0.9,Post-Quali,Bahrain,20261003_110404,Sepang International Circuit,8.6,6.8,8.2,7.8,4.8,7.8,7.5,8.8,7.0,5.5,8.8,,,,-77.0,-47.0,0.3,0.3,3.0,FALSE,great,134.1,104.1,0.583,0.031,0.175,1.431,threshold,>= -47,low,"Asset-specific Bahrain Grand Prix threshold table: projected 57.1 pts lands in great (>= -47) for +0.3M. Confidence: low. Provisional F1 Focal screenshot supplied by user, posted 2026-09-26. Author warns final scoring changes affect thresholds; updated full table not yet available.","Constructor MVP includes both driver estimates, qualifying bonus and an expected pit-stop score."
constructor,RBR,Red Bull Racing,Red Bull Racing,TRUE,32.1,716,53.88,1.68,18.2,,,18.0,26.3,0.22,1.17,0.28,0.0,0.0,-7.01,0.0,0.0,0.0,0.0,0.0,0.0,FALSE,10.0,4.93,4.33,0.58,0.02,0.8,Post-Quali,Bahrain,20261003_110404,Sepang International Circuit,8.6,6.8,8.2,7.8,4.8,7.8,7.5,8.8,7.0,5.5,8.8,,,,-43.0,-14.0,0.3,0.3,3.0,FALSE,great,96.9,67.9,0.583,0.031,0.175,1.431,threshold,>= -14,low,"Asset-specific Bahrain Grand Prix threshold table: projected 53.9 pts lands in great (>= -14) for +0.3M. Confidence: low. Provisional F1 Focal screenshot supplied by user, posted 2026-09-26. Author warns final scoring changes affect thresholds; updated full table not yet available.","Constructor MVP includes both driver estimates, qualifying bonus and an expected pit-stop score."
constructor,MCL,McLaren,McLaren,TRUE,32.2,743,48.63,1.51,20.7,,,9.0,26.97,2.49,1.53,1.81,0.0,0.0,-7.92,0.0,0.0,0.0,0.0,0.0,0.0,FALSE,10.0,4.75,4.2,0.53,0.02,0.76,Post-Quali,Bahrain,20261003_110404,Sepang International Circuit,8.6,6.8,8.2,7.8,4.8,7.8,7.5,8.8,7.0,5.5,8.8,,,,46.0,75.0,0.1,0.1,3.0,FALSE,good,2.6,-26.4,0.416,0.096,0.042,0.46,threshold,46 to 74,low,"Asset-specific Bahrain Grand Prix threshold table: projected 48.6 pts lands in good (46 to 74) for +0.1M. Confidence: low. Provisional F1 Focal screenshot supplied by user, posted 2026-09-26. Author warns final scoring changes affect thresholds; updated full table not yet available.","Constructor MVP includes both driver estimates, qualifying bonus and an expected pit-stop score."
constructor,FER,Ferrari,Ferrari,TRUE,27.6,927,48.23,1.75,21.7,,,15.0,26.34,-1.75,0.52,1.3,0.0,0.0,-8.29,0.0,0.0,0.0,0.0,0.0,0.0,FALSE,10.0,5.12,4.46,0.63,0.03,0.84,Post-Quali,Bahrain,20261003_110404,Sepang International Circuit,8.6,6.8,8.2,7.8,4.8,7.8,7.5,8.8,7.0,5.5,8.8,,,,10.0,34.0,0.3,0.3,3.0,FALSE,great,38.2,14.2,0.583,0.031,0.175,1.431,threshold,>= 34,low,"Asset-specific Bahrain Grand Prix threshold table: projected 48.2 pts lands in great (>= 34) for +0.3M. Confidence: low. Provisional F1 Focal screenshot supplied by user, posted 2026-09-26. Author warns final scoring changes affect thresholds; updated full table not yet available.","Constructor MVP includes both driver estimates, qualifying bonus and an expected pit-stop score."
constructor,AUD,Audi,Audi,TRUE,9.2,209,19.29,2.1,11.4,,,1.0,3.96,4.64,4.1,0.95,0.0,0.0,-4.35,0.0,0.0,0.0,0.0,0.0,0.0,FALSE,5.0,3.98,3.61,0.34,0.02,0.58,Post-Quali,Bahrain,20261003_110404,Sepang International Circuit,8.6,6.8,8.2,7.8,4.8,7.8,7.5,8.8,7.0,5.5,8.8,,,,-10.0,-2.0,0.6,0.6,3.0,FALSE,great,29.3,21.3,0.583,0.031,0.35,1.921,threshold,>= -2,low,"Asset-specific Bahrain Grand Prix threshold table: projected 19.3 pts lands in great (>= -2) for +0.6M. Confidence: low. Provisional F1 Focal screenshot supplied by user, posted 2026-09-26. Author warns final scoring changes affect thresholds; updated full table not yet available.","Constructor MVP includes both driver estimates, qualifying bonus and an expected pit-stop score."
constructor,RBL,Racing Bulls,Racing Bulls,TRUE,15.3,441,16.95,1.11,11.4,,,0.0,2.43,8.12,4.55,0.85,0.0,0.0,-4.41,0.0,0.0,0.0,0.0,0.0,0.0,FALSE,1.0,4.4,3.94,0.44,0.02,0.68,Post-Quali,Bahrain,20261003_110404,Sepang International Circuit,8.6,6.8,8.2,7.8,4.8,7.8,7.5,8.8,7.0,5.5,8.8,,,,2.0,15.0,0.6,0.6,3.0,FALSE,great,14.9,1.9,0.555,0.031,0.333,1.814,threshold,>= 15,low,"Asset-specific Bahrain Grand Prix threshold table: projected 16.9 pts lands in great (>= 15) for +0.6M. Confidence: low. Provisional F1 Focal screenshot supplied by user, posted 2026-09-26. Author warns final scoring changes affect thresholds; updated full table not yet available.","Constructor MVP includes both driver estimates, qualifying bonus and an expected pit-stop score."
constructor,ALP,Alpine,Alpine,TRUE,19.4,376,15.08,0.78,20.5,,,2.0,3.53,4.87,2.53,0.91,0.0,0.0,-7.89,0.0,0.0,0.0,0.0,0.0,0.0,FALSE,5.0,4.14,3.74,0.38,0.02,0.62,Post-Quali,Bahrain,20261003_110404,Sepang International Circuit,8.6,6.8,8.2,7.8,4.8,7.8,7.5,8.8,7.0,5.5,8.8,,,,51.0,68.0,-0.3,-0.3,3.0,FALSE,terrible,-35.9,-52.9,0.05,0.533,-0.16,-1.012,threshold,<= 33,low,"Asset-specific Bahrain Grand Prix threshold table: projected 15.1 pts lands in terrible (<= 33) for -0.3M. Confidence: low. Provisional F1 Focal screenshot supplied by user, posted 2026-09-26. Author warns final scoring changes affect thresholds; updated full table not yet available.","Constructor MVP includes both driver estimates, qualifying bonus and an expected pit-stop score."
constructor,HAA,Haas F1 Team,Haas F1 Team,TRUE,10.8,245,6.35,0.59,21.5,,,0.0,0.8,6.23,3.83,0.42,0.0,0.0,-8.26,0.0,0.0,0.0,0.0,0.0,0.0,FALSE,-1.0,4.31,3.88,0.42,0.02,0.66,Post-Quali,Bahrain,20261003_110404,Sepang International Circuit,8.6,6.8,8.2,7.8,4.8,7.8,7.5,8.8,7.0,5.5,8.8,,,,-5.0,4.0,0.6,0.6,3.0,FALSE,great,11.3,2.3,0.583,0.031,0.35,1.921,threshold,>= 4,low,"Asset-specific Bahrain Grand Prix threshold table: projected 6.3 pts lands in great (>= 4) for +0.6M. Confidence: low. Provisional F1 Focal screenshot supplied by user, posted 2026-09-26. Author warns final scoring changes affect thresholds; updated full table not yet available.","Constructor MVP includes both driver estimates, qualifying bonus and an expected pit-stop score."
constructor,WIL,Williams,Williams,TRUE,13.8,176,1.17,0.08,25.7,,,0.0,0.43,2.45,2.36,0.63,0.0,0.0,-9.85,0.0,0.0,0.0,0.0,0.0,0.0,FALSE,1.0,4.14,3.74,0.38,0.02,0.62,Post-Quali,Bahrain,20261003_110404,Sepang International Circuit,8.6,6.8,8.2,7.8,4.8,7.8,7.5,8.8,7.0,5.5,8.8,,,,45.0,57.0,-0.6,-0.6,3.0,FALSE,terrible,-43.8,-55.8,0.05,0.533,-0.32,-1.46,threshold,<= 32,low,"Asset-specific Bahrain Grand Prix threshold table: projected 1.2 pts lands in terrible (<= 32) for -0.6M. Confidence: low. Provisional F1 Focal screenshot supplied by user, posted 2026-09-26. Author warns final scoring changes affect thresholds; updated full table not yet available.","Constructor MVP includes both driver estimates, qualifying bonus and an expected pit-stop score."
constructor,AMR,Aston Martin,Aston Martin,TRUE,5.7,-113,-3.93,-0.69,41.0,,,0.0,1.61,0.83,2.14,0.46,0.0,0.0,-15.78,0.0,0.0,0.0,0.0,0.0,0.0,FALSE,3.0,3.81,3.49,0.31,0.02,0.54,Post-Quali,Bahrain,20261003_110404,Sepang International Circuit,8.6,6.8,8.2,7.8,4.8,7.8,7.5,8.8,7.0,5.5,8.8,,,,68.0,73.0,-0.6,-0.6,3.0,FALSE,terrible,-71.9,-76.9,0.05,0.533,-0.32,-1.46,threshold,<= 62,low,"Asset-specific Bahrain Grand Prix threshold table: projected -3.9 pts lands in terrible (<= 62) for -0.6M. Confidence: low. Provisional F1 Focal screenshot supplied by user, posted 2026-09-26. Author warns final scoring changes affect thresholds; updated full table not yet available.","Constructor MVP includes both driver estimates, qualifying bonus and an expected pit-stop score."
constructor,CAD,Cadillac,Cadillac,TRUE,3.6,-51,-5.86,-1.63,36.0,,,0.0,0.0,3.57,1.21,0.43,0.0,0.0,-13.75,0.0,0.0,0.0,0.0,0.0,0.0,FALSE,-1.0,3.65,3.35,0.28,0.01,0.5,Post-Quali,Bahrain,20261003_110404,Sepang International Circuit,8.6,6.8,8.2,7.8,4.8,7.8,7.5,8.8,7.0,5.5,8.8,,,,8.0,11.0,-0.6,-0.6,3.0,FALSE,terrible,-13.9,-16.9,0.05,0.533,-0.32,-1.46,threshold,<= 4,low,"Asset-specific Bahrain Grand Prix threshold table: projected -5.9 pts lands in terrible (<= 4) for -0.6M. Confidence: low. Provisional F1 Focal screenshot supplied by user, posted 2026-09-26. Author warns final scoring changes affect thresholds; updated full table not yet available.","Constructor MVP includes both driver estimates, qualifying bonus and an expected pit-stop score."
driver,ANT,Kimi Antonelli,Mercedes,TRUE,26.9,622,25.92,0.96,10.9,0.1087,0.1047,7.0,17.94,0.42,0.33,0.99,0.134,1.34,-2.09,0.0,0.0,0.0,0.0,0.0,0.0,FALSE,0.0,0.0,,,,,Post-Quali,Bahrain,20261003_110404,Sepang International Circuit,8.6,6.8,8.2,7.8,4.8,7.8,7.5,8.8,7.0,5.5,8.8,,,,6.0,30.0,0.1,0.1,3.0,FALSE,good,19.9,-4.1,0.484,0.031,0.048,0.841,threshold,6 to 29,low,"Asset-specific Bahrain Grand Prix threshold table: projected 25.9 pts lands in good (6 to 29) for +0.1M. Confidence: low. Provisional F1 Focal screenshot supplied by user, posted 2026-09-26. Author warns final scoring changes affect thresholds; updated full table not yet available.",MVP estimate includes grid-aware recovery overtakes and a grid-normalized Driver Of The Day expected value.
driver,VER,Max Verstappen,Red Bull Racing,TRUE,27.6,376,25.83,0.94,21.4,0.2143,0.206,10.0,19.23,-1.04,0.17,0.22,0.1368,1.37,-4.12,0.0,0.0,0.0,0.0,0.0,0.0,FALSE,0.0,0.0,,,,,Post-Quali,Bahrain,20261003_110404,Sepang International Circuit,8.6,6.8,8.2,7.8,4.8,7.8,7.5,8.8,7.0,5.5,8.8,,,,-6.0,18.0,0.3,0.3,3.0,FALSE,great,31.8,7.8,0.583,0.031,0.175,1.431,threshold,>= 18,low,"Asset-specific Bahrain Grand Prix threshold table: projected 25.8 pts lands in great (>= 18) for +0.3M. Confidence: low. Provisional F1 Focal screenshot supplied by user, posted 2026-09-26. Author warns final scoring changes affect thresholds; updated full table not yet available.",MVP estimate includes grid-aware recovery overtakes and a grid-normalized Driver Of The Day expected value.
driver,HAM,Lewis Hamilton,Ferrari,TRUE,24.6,395,21.34,0.87,21.8,0.2177,0.2083,9.0,15.61,-1.0,0.2,0.68,0.1019,1.02,-4.17,0.0,0.0,0.0,0.0,0.0,0.0,FALSE,0.0,0.0,,,,,Post-Quali,Bahrain,20261003_110404,Sepang International Circuit,8.6,6.8,8.2,7.8,4.8,7.8,7.5,8.8,7.0,5.5,8.8,,,,64.0,86.0,-0.3,-0.3,3.0,FALSE,terrible,-42.7,-64.7,0.05,0.533,-0.16,-1.012,threshold,<= 41,low,"Asset-specific Bahrain Grand Prix threshold table: projected 21.3 pts lands in terrible (<= 41) for -0.3M. Confidence: low. Provisional F1 Focal screenshot supplied by user, posted 2026-09-26. Author warns final scoring changes affect thresholds; updated full table not yet available.",MVP estimate includes grid-aware recovery overtakes and a grid-normalized Driver Of The Day expected value.
driver,NOR,Lando Norris,McLaren,TRUE,26.7,328,19.66,0.74,20.6,0.2057,0.1973,5.0,14.8,1.21,0.7,0.93,0.0955,0.96,-3.95,0.0,0.0,0.0,0.0,0.0,0.0,FALSE,0.0,0.0,,,,,Post-Quali,Bahrain,20261003_110404,Sepang International Circuit,8.6,6.8,8.2,7.8,4.8,7.8,7.5,8.8,7.0,5.5,8.8,,,,63.0,86.0,-0.3,-0.3,3.0,FALSE,terrible,-43.3,-66.3,0.05,0.533,-0.16,-1.012,threshold,<= 38,low,"Asset-specific Bahrain Grand Prix threshold table: projected 19.7 pts lands in terrible (<= 38) for -0.3M. Confidence: low. Provisional F1 Focal screenshot supplied by user, posted 2026-09-26. Author warns final scoring changes affect thresholds; updated full table not yet available.",MVP estimate includes grid-aware recovery overtakes and a grid-normalized Driver Of The Day expected value.
driver,RUS,George Russell,Mercedes,TRUE,28.1,413,17.81,0.63,11.1,0.1107,0.1033,3.0,11.68,2.2,1.3,0.97,0.0733,0.73,-2.07,0.0,0.0,0.0,0.0,0.0,0.0,FALSE,0.0,0.0,,,,,Post-Quali,Bahrain,20261003_110404,Sepang International Circuit,8.6,6.8,8.2,7.8,4.8,7.8,7.5,8.8,7.0,5.5,8.8,,,,4.0,29.0,0.1,0.1,3.0,FALSE,good,13.8,-11.2,0.484,0.031,0.048,0.744,threshold,4 to 28,low,"Asset-specific Bahrain Grand Prix threshold table: projected 17.8 pts lands in good (4 to 28) for +0.1M. Confidence: low. Provisional F1 Focal screenshot supplied by user, posted 2026-09-26. Author warns final scoring changes affect thresholds; updated full table not yet available.",MVP estimate includes grid-aware recovery overtakes and a grid-normalized Driver Of The Day expected value.
driver,PIA,Oscar Piastri,McLaren,TRUE,24.0,228,15.92,0.66,20.8,0.208,0.1987,4.0,12.17,1.28,0.83,0.88,0.0737,0.74,-3.97,0.0,0.0,0.0,0.0,0.0,0.0,FALSE,0.0,0.0,,,,,Post-Quali,Bahrain,20261003_110404,Sepang International Circuit,8.6,6.8,8.2,7.8,4.8,7.8,7.5,8.8,7.0,5.5,8.8,,,,56.0,78.0,-0.3,-0.3,3.0,FALSE,terrible,-40.1,-62.1,0.05,0.533,-0.16,-1.012,threshold,<= 34,low,"Asset-specific Bahrain Grand Prix threshold table: projected 15.9 pts lands in terrible (<= 34) for -0.3M. Confidence: low. Provisional F1 Focal screenshot supplied by user, posted 2026-09-26. Author warns final scoring changes affect thresholds; updated full table not yet available.",MVP estimate includes grid-aware recovery overtakes and a grid-normalized Driver Of The Day expected value.
driver,HAD,Isack Hadjar,Red Bull Racing,TRUE,15.1,168,14.96,0.99,15.0,0.1503,0.1447,8.0,7.07,1.26,1.0,0.06,0.0466,0.47,-2.89,0.0,0.0,0.0,0.0,0.0,0.0,FALSE,0.0,0.0,,,,,Post-Quali,Bahrain,20261003_110404,Sepang International Circuit,8.6,6.8,8.2,7.8,4.8,7.8,7.5,8.8,7.0,5.5,8.8,,,,10.0,11.0,0.6,0.6,3.0,FALSE,great,5.0,4.0,0.583,0.031,0.35,1.812,threshold,>= 11,low,"Asset-specific Bahrain Grand Prix threshold table: projected 15.0 pts lands in great (>= 11) for +0.6M. Confidence: low. Provisional F1 Focal screenshot supplied by user, posted 2026-09-26. Author warns final scoring changes affect thresholds; updated full table not yet available. Only great_min corrected from 22 to 11 per author reply. Lower bands remain from original image and are unverified.",MVP estimate includes grid-aware recovery overtakes and a grid-normalized Driver Of The Day expected value.
driver,LEC,Charles Leclerc,Ferrari,TRUE,23.7,351,13.42,0.57,21.6,0.216,0.206,6.0,10.73,-0.75,0.32,0.62,0.0626,0.63,-4.12,0.0,0.0,0.0,0.0,0.0,0.0,FALSE,0.0,0.0,,,,,Post-Quali,Bahrain,20261003_110404,Sepang International Circuit,8.6,6.8,8.2,7.8,4.8,7.8,7.5,8.8,7.0,5.5,8.8,,,,24.0,45.0,-0.1,-0.1,3.0,FALSE,poor,-10.6,-31.6,0.236,0.533,-0.053,-0.46,threshold,3 to 23,low,"Asset-specific Bahrain Grand Prix threshold table: projected 13.4 pts lands in poor (3 to 23) for -0.1M. Confidence: low. Provisional F1 Focal screenshot supplied by user, posted 2026-09-26. Author warns final scoring changes affect thresholds; updated full table not yet available.",MVP estimate includes grid-aware recovery overtakes and a grid-normalized Driver Of The Day expected value.
driver,LIN,Arvid Lindblad,Racing Bulls,TRUE,8.8,107,7.96,0.91,11.8,0.1177,0.113,0.0,0.09,6.76,2.87,0.37,0.0126,0.13,-2.26,0.0,0.0,0.0,0.0,0.0,0.0,FALSE,0.0,0.0,,,,,Post-Quali,Bahrain,20261003_110404,Sepang International Circuit,8.6,6.8,8.2,7.8,4.8,7.8,7.5,8.8,7.0,5.5,8.8,,,,0.0,8.0,0.2,0.2,3.0,FALSE,good,8.0,-0.0,0.484,0.031,0.097,1.034,threshold,0 to 7,low,"Asset-specific Bahrain Grand Prix threshold table: projected 8.0 pts lands in good (0 to 7) for +0.2M. Confidence: low. Provisional F1 Focal screenshot supplied by user, posted 2026-09-26. Author warns final scoring changes affect thresholds; updated full table not yet available.",MVP estimate includes grid-aware recovery overtakes and a grid-normalized Driver Of The Day expected value.
driver,HUL,Nico Hulkenberg,Audi,TRUE,5.4,4,7.05,1.31,11.3,0.113,0.106,0.0,1.5,4.09,2.84,0.46,0.0285,0.28,-2.12,0.0,0.0,0.0,0.0,0.0,0.0,FALSE,0.0,0.0,,,,,Post-Quali,Bahrain,20261003_110404,Sepang International Circuit,8.6,6.8,8.2,7.8,4.8,7.8,7.5,8.8,7.0,5.5,8.8,,,,-1.0,4.0,0.6,0.6,3.0,FALSE,great,8.1,3.0,0.583,0.031,0.35,1.921,threshold,>= 4,low,"Asset-specific Bahrain Grand Prix threshold table: projected 7.0 pts lands in great (>= 4) for +0.6M. Confidence: low. Provisional F1 Focal screenshot supplied by user, posted 2026-09-26. Author warns final scoring changes affect thresholds; updated full table not yet available.",MVP estimate includes grid-aware recovery overtakes and a grid-normalized Driver Of The Day expected value.
driver,LAW,Liam Lawson,Racing Bulls,TRUE,9.1,134,4.06,0.45,11.0,0.1103,0.1073,0.0,2.34,1.36,1.68,0.48,0.0337,0.34,-2.15,0.0,0.0,0.0,0.0,0.0,0.0,FALSE,0.0,0.0,,,,,Post-Quali,Bahrain,20261003_110404,Sepang International Circuit,8.6,6.8,8.2,7.8,4.8,7.8,7.5,8.8,7.0,5.5,8.8,,,,20.0,28.0,-0.6,-0.6,3.0,FALSE,terrible,-15.9,-23.9,0.05,0.533,-0.32,-1.46,threshold,<= 11,low,"Asset-specific Bahrain Grand Prix threshold table: projected 4.1 pts lands in terrible (<= 11) for -0.6M. Confidence: low. Provisional F1 Focal screenshot supplied by user, posted 2026-09-26. Author warns final scoring changes affect thresholds; updated full table not yet available.",MVP estimate includes grid-aware recovery overtakes and a grid-normalized Driver Of The Day expected value.
driver,BOR,Gabriel Bortoleto,Audi,TRUE,8.2,92,3.88,0.47,11.5,0.1153,0.1113,1.0,2.46,0.55,1.26,0.49,0.034,0.34,-2.23,0.0,0.0,0.0,0.0,0.0,0.0,FALSE,0.0,0.0,,,,,Post-Quali,Bahrain,20261003_110404,Sepang International Circuit,8.6,6.8,8.2,7.8,4.8,7.8,7.5,8.8,7.0,5.5,8.8,,,,12.0,19.0,-0.6,-0.6,3.0,FALSE,terrible,-8.1,-15.1,0.05,0.533,-0.32,-1.46,threshold,<= 3,low,"Asset-specific Bahrain Grand Prix threshold table: projected 3.9 pts lands in terrible (<= 3) for -0.6M. Confidence: low. Provisional F1 Focal screenshot supplied by user, posted 2026-09-26. Author warns final scoring changes affect thresholds; updated full table not yet available.",MVP estimate includes grid-aware recovery overtakes and a grid-normalized Driver Of The Day expected value.
driver,GAS,Pierre Gasly,Alpine,TRUE,11.4,133,3.77,0.33,19.9,0.1987,0.1913,2.0,3.49,0.32,0.94,0.48,0.0369,0.37,-3.83,0.0,0.0,0.0,0.0,0.0,0.0,FALSE,0.0,0.0,,,,,Post-Quali,Bahrain,20261003_110404,Sepang International Circuit,8.6,6.8,8.2,7.8,4.8,7.8,7.5,8.8,7.0,5.5,8.8,,,,41.0,51.0,-0.6,-0.6,3.0,FALSE,terrible,-37.2,-47.2,0.05,0.533,-0.32,-1.46,threshold,<= 30,low,"Asset-specific Bahrain Grand Prix threshold table: projected 3.8 pts lands in terrible (<= 30) for -0.6M. Confidence: low. Provisional F1 Focal screenshot supplied by user, posted 2026-09-26. Author warns final scoring changes affect thresholds; updated full table not yet available.",MVP estimate includes grid-aware recovery overtakes and a grid-normalized Driver Of The Day expected value.
driver,OCO,Esteban Ocon,Haas F1 Team,TRUE,9.1,137,2.74,0.3,21.0,0.2103,0.2003,0.0,0.44,3.64,2.13,0.35,0.0182,0.18,-4.01,0.0,0.0,0.0,0.0,0.0,0.0,FALSE,0.0,0.0,,,,,Post-Quali,Bahrain,20261003_110404,Sepang International Circuit,8.6,6.8,8.2,7.8,4.8,7.8,7.5,8.8,7.0,5.5,8.8,,,,6.0,14.0,-0.2,-0.2,3.0,FALSE,poor,-3.3,-11.3,0.236,0.533,-0.107,-0.576,threshold,-2 to 5,low,"Asset-specific Bahrain Grand Prix threshold table: projected 2.7 pts lands in poor (-2 to 5) for -0.2M. Confidence: low. Provisional F1 Focal screenshot supplied by user, posted 2026-09-26. Author warns final scoring changes affect thresholds; updated full table not yet available.",MVP estimate includes grid-aware recovery overtakes and a grid-normalized Driver Of The Day expected value.
driver,COL,Franco Colapinto,Alpine,TRUE,10.0,138,2.65,0.27,21.1,0.211,0.203,0.0,0.04,4.55,1.59,0.43,0.0106,0.11,-4.06,0.0,0.0,0.0,0.0,0.0,0.0,FALSE,0.0,0.0,,,,,Post-Quali,Bahrain,20261003_110404,Sepang International Circuit,8.6,6.8,8.2,7.8,4.8,7.8,7.5,8.8,7.0,5.5,8.8,,,,32.0,41.0,-0.6,-0.6,3.0,FALSE,terrible,-29.4,-38.4,0.05,0.533,-0.32,-1.46,threshold,<= 23,low,"Asset-specific Bahrain Grand Prix threshold table: projected 2.6 pts lands in terrible (<= 23) for -0.6M. Confidence: low. Provisional F1 Focal screenshot supplied by user, posted 2026-09-26. Author warns final scoring changes affect thresholds; updated full table not yet available.",MVP estimate includes grid-aware recovery overtakes and a grid-normalized Driver Of The Day expected value.
driver,BEA,Oliver Bearman,Haas F1 Team,TRUE,5.6,69,0.65,0.12,22.0,0.2203,0.2123,0.0,0.36,2.59,1.7,0.07,0.0172,0.17,-4.25,0.0,0.0,0.0,0.0,0.0,0.0,FALSE,0.0,0.0,,,,,Post-Quali,Bahrain,20261003_110404,Sepang International Circuit,8.6,6.8,8.2,7.8,4.8,7.8,7.5,8.8,7.0,5.5,8.8,,,,6.0,11.0,-0.6,-0.6,3.0,FALSE,terrible,-5.3,-10.3,0.05,0.533,-0.32,-1.46,threshold,<= 0,low,"Asset-specific Bahrain Grand Prix threshold table: projected 0.7 pts lands in terrible (<= 0) for -0.6M. Confidence: low. Provisional F1 Focal screenshot supplied by user, posted 2026-09-26. Author warns final scoring changes affect thresholds; updated full table not yet available.",MVP estimate includes grid-aware recovery overtakes and a grid-normalized Driver Of The Day expected value.
driver,LAW_RB,Liam Lawson (Racing Bulls asset),Racing Bulls,FALSE,10.3,128,0.0,0.0,0.0,0.0,0.0,10.0,19.23,-1.04,0.17,0.22,0.1368,1.37,-4.12,0.0,0.0,0.0,0.0,0.0,0.0,FALSE,0.0,0.0,,,,,Post-Quali,Bahrain,20261003_110404,Sepang International Circuit,8.6,6.8,8.2,7.8,4.8,7.8,7.5,8.8,7.0,5.5,8.8,,,,-6.0,18.0,0.0,0.3,3.0,FALSE,great,31.8,7.8,0.0,0.0,0.0,1.431,threshold,>= 18,low,Inactive driver asset. It is retained only as a saved-squad transfer baseline and cannot be selected for a new lineup.,Inactive driver asset: transfer this driver out before this GP.
driver,TSU,Yuki Tsunoda,Racing Bulls,FALSE,9.7,23,0.0,0.0,0.0,0.0,0.0,10.0,19.23,-1.04,0.17,0.22,0.1368,1.37,-4.12,0.0,0.0,0.0,0.0,0.0,0.0,FALSE,0.0,0.0,,,,,Post-Quali,Bahrain,20261003_110404,Sepang International Circuit,8.6,6.8,8.2,7.8,4.8,7.8,7.5,8.8,7.0,5.5,8.8,,,,-6.0,18.0,0.0,0.3,3.0,FALSE,great,31.8,7.8,0.0,0.0,0.0,1.431,threshold,>= 18,low,Inactive driver asset. It is retained only as a saved-squad transfer baseline and cannot be selected for a new lineup.,Inactive driver asset: transfer this driver out before this GP.
driver,SAI,Carlos Sainz,Williams,TRUE,8.4,100,-1.37,-0.16,20.7,0.2073,0.1993,0.0,0.39,0.38,1.34,0.33,0.0178,0.18,-3.99,0.0,0.0,0.0,0.0,0.0,0.0,FALSE,0.0,0.0,,,,,Post-Quali,Bahrain,20261003_110404,Sepang International Circuit,8.6,6.8,8.2,7.8,4.8,7.8,7.5,8.8,7.0,5.5,8.8,,,,26.0,34.0,-0.6,-0.6,3.0,FALSE,terrible,-27.4,-35.4,0.05,0.533,-0.32,-1.46,threshold,<= 18,low,"Asset-specific Bahrain Grand Prix threshold table: projected -1.4 pts lands in terrible (<= 18) for -0.6M. Confidence: low. Provisional F1 Focal screenshot supplied by user, posted 2026-09-26. Author warns final scoring changes affect thresholds; updated full table not yet available.",MVP estimate includes grid-aware recovery overtakes and a grid-normalized Driver Of The Day expected value.
driver,ALO,Fernando Alonso,Aston Martin,TRUE,6.2,9,-1.65,-0.27,32.2,0.3223,0.3107,0.0,1.53,1.08,1.37,0.31,0.0264,0.26,-6.21,0.0,0.0,0.0,0.0,0.0,0.0,FALSE,0.0,0.0,,,,,Post-Quali,Bahrain,20261003_110404,Sepang International Circuit,8.6,6.8,8.2,7.8,4.8,7.8,7.5,8.8,7.0,5.5,8.8,,,,27.0,33.0,-0.6,-0.6,3.0,FALSE,terrible,-28.6,-34.6,0.05,0.533,-0.32,-1.46,threshold,<= 21,low,"Asset-specific Bahrain Grand Prix threshold table: projected -1.6 pts lands in terrible (<= 21) for -0.6M. Confidence: low. Provisional F1 Focal screenshot supplied by user, posted 2026-09-26. Author warns final scoring changes affect thresholds; updated full table not yet available.",MVP estimate includes grid-aware recovery overtakes and a grid-normalized Driver Of The Day expected value.
driver,ALB,Alexander Albon,Williams,TRUE,5.8,13,-2.31,-0.4,30.7,0.307,0.293,0.0,0.04,2.07,1.02,0.3,0.011,0.11,-5.86,0.0,0.0,0.0,0.0,0.0,0.0,FALSE,0.0,0.0,,,,,Post-Quali,Bahrain,20261003_110404,Sepang International Circuit,8.6,6.8,8.2,7.8,4.8,7.8,7.5,8.8,7.0,5.5,8.8,,,,28.0,33.0,-0.6,-0.6,3.0,FALSE,terrible,-30.3,-35.3,0.05,0.533,-0.32,-1.46,threshold,<= 22,low,"Asset-specific Bahrain Grand Prix threshold table: projected -2.3 pts lands in terrible (<= 22) for -0.6M. Confidence: low. Provisional F1 Focal screenshot supplied by user, posted 2026-09-26. Author warns final scoring changes affect thresholds; updated full table not yet available.",MVP estimate includes grid-aware recovery overtakes and a grid-normalized Driver Of The Day expected value.
driver,PER,Sergio Perez,Cadillac,TRUE,3.0,19,-2.78,-0.93,31.3,0.313,0.296,0.0,0.0,2.19,0.63,0.23,0.0082,0.08,-5.92,0.0,0.0,0.0,0.0,0.0,0.0,FALSE,0.0,0.0,,,,,Post-Quali,Bahrain,20261003_110404,Sepang International Circuit,8.6,6.8,8.2,7.8,4.8,7.8,7.5,8.8,7.0,5.5,8.8,,,,16.0,18.0,0.0,-0.6,3.0,TRUE,terrible,-18.8,-20.8,0.05,0.0,0.0,-0.218,threshold,<= -1,low,"Asset-specific Bahrain Grand Prix threshold table: projected -2.8 pts lands in terrible (<= -1) for +0.0M. Downside capped by the 3.0M minimum price. Confidence: low. Provisional F1 Focal screenshot supplied by user, posted 2026-09-26. Author warns final scoring changes affect thresholds; updated full table not yet available. Screenshot shows only floor-capped zero movement below good_min. Negative-band split is a placeholder with no effect at the current 3.0M floor.",MVP estimate includes grid-aware recovery overtakes and a grid-normalized Driver Of The Day expected value.
driver,BOT,Valtteri Bottas,Cadillac,TRUE,3.6,-67,-5.57,-1.55,40.7,0.4067,0.3913,0.0,0.0,1.38,0.58,0.2,0.0084,0.08,-7.83,0.0,0.0,0.0,0.0,0.0,0.0,FALSE,0.0,0.0,,,,,Post-Quali,Bahrain,20261003_110404,Sepang International Circuit,8.6,6.8,8.2,7.8,4.8,7.8,7.5,8.8,7.0,5.5,8.8,,,,1.0,4.0,-0.6,-0.6,3.0,FALSE,terrible,-6.6,-9.6,0.05,0.533,-0.32,-1.46,threshold,<= -3,low,"Asset-specific Bahrain Grand Prix threshold table: projected -5.6 pts lands in terrible (<= -3) for -0.6M. Confidence: low. Provisional F1 Focal screenshot supplied by user, posted 2026-09-26. Author warns final scoring changes affect thresholds; updated full table not yet available.",MVP estimate includes grid-aware recovery overtakes and a grid-normalized Driver Of The Day expected value.
driver,STR,Lance Stroll,Aston Martin,TRUE,3.0,-142,-8.71,-2.9,49.7,0.4967,0.4787,0.0,0.08,-0.25,0.77,0.15,0.012,0.12,-9.57,0.0,0.0,0.0,0.0,0.0,0.0,FALSE,0.0,0.0,,,,,Post-Quali,Bahrain,20261003_110404,Sepang International Circuit,8.6,6.8,8.2,7.8,4.8,7.8,7.5,8.8,7.0,5.5,8.8,,,,51.0,53.0,0.0,-0.6,3.0,TRUE,terrible,-59.7,-61.7,0.05,0.0,0.0,-0.218,threshold,<= -1,low,"Asset-specific Bahrain Grand Prix threshold table: projected -8.7 pts lands in terrible (<= -1) for +0.0M. Downside capped by the 3.0M minimum price. Confidence: low. Provisional F1 Focal screenshot supplied by user, posted 2026-09-26. Author warns final scoring changes affect thresholds; updated full table not yet available. Screenshot shows only floor-capped zero movement below good_min. Negative-band split is a placeholder with no effect at the current 3.0M floor.",MVP estimate includes grid-aware recovery overtakes and a grid-normalized Driver Of The Day expected value.
