gp_key,gp_display,mode,status,forecast_source,scope,estimated_points,actual_points,mean_absolute_error,asset_count,scored_at,driver_estimated_points,driver_actual_points,driver_mean_absolute_error,driver_asset_count,constructor_estimated_points,constructor_actual_points,constructor_mean_absolute_error,constructor_asset_count
Netherlands,Dutch Grand Prix,Pre-Weekend,scored,replayed,Average points across 22 drivers and 11 constructors,14.6,16.8,11.3,33,2026-08-23,9.8,10.6,9.1,22,24.4,29.0,15.7,11
Netherlands,Dutch Grand Prix,After Practice,scored,replayed,Average points across 22 drivers and 11 constructors,14.5,16.8,11.2,33,2026-08-23,9.7,10.6,9.2,22,24.1,29.0,15.1,11
Netherlands,Dutch Grand Prix,Post-Quali,scored,archived,Average points across 22 drivers and 11 constructors,14.5,16.8,10.7,33,2026-08-23,9.7,10.6,8.6,22,24.1,29.0,14.8,11
Italy,Italian Grand Prix,Pre-Weekend,scored,archived,Average points across 22 drivers and 11 constructors,12.7,25.8,19.1,33,2026-09-07,8.3,18.0,14.5,22,21.5,41.5,28.5,11
Italy,Italian Grand Prix,After Practice,scored,replayed,Average points across 22 drivers and 11 constructors,14.3,25.8,17.3,33,2026-09-07,9.6,18.0,13.0,22,23.8,41.5,26.0,11
Italy,Italian Grand Prix,Post-Quali,scored,archived,Average points across 22 drivers and 11 constructors,13.7,25.8,18.5,33,2026-09-07,9.2,18.0,13.8,22,22.8,41.5,27.9,11
Madrid,Spanish Grand Prix,Pre-Weekend,scored,replayed,Average points across 22 drivers and 11 constructors,12.7,10.9,11.6,33,2026-09-14,8.3,6.3,9.0,22,21.3,20.2,17.0,11
Madrid,Spanish Grand Prix,After Practice,scored,replayed,Average points across 22 drivers and 11 constructors,12.7,10.9,11.6,33,2026-09-14,8.4,6.3,9.1,22,21.4,20.2,16.8,11
Madrid,Spanish Grand Prix,Post-Quali,scored,archived,Average points across 22 drivers and 11 constructors,13.3,10.9,12.5,33,2026-09-14,8.8,6.3,9.7,22,22.4,20.2,18.0,11
Azerbaijan,Azerbaijan Grand Prix,Post-Quali,scored,archived,Average points across 22 drivers and 11 constructors,15.7,12.8,15.9,33,2026-09-28,9.7,8.0,13.2,22,27.7,22.3,21.3,11
Azerbaijan,Azerbaijan Grand Prix,Pre-Weekend,scored,replayed,Average points across 22 drivers and 11 constructors,12.8,12.8,17.6,33,2026-09-28,8.4,8.0,14.3,22,21.5,22.3,24.0,11
Azerbaijan,Azerbaijan Grand Prix,After Practice,scored,replayed,Average points across 22 drivers and 11 constructors,12.8,12.8,16.9,33,2026-09-28,8.4,8.0,13.8,22,21.5,22.3,23.2,11
Bahrain,Bahrain Grand Prix,Post-Quali,scored,archived,Average points across 22 drivers and 11 constructors,12.8,23.3,15.1,33,2026-10-06,7.5,14.9,12.1,22,23.4,40.1,21.1,11
Bahrain,Bahrain Grand Prix,Pre-Weekend,scored,replayed,Average points across 22 drivers and 11 constructors,10.6,23.3,18.6,33,2026-10-07,6.8,14.9,14.5,22,18.2,40.1,26.9,11
Bahrain,Bahrain Grand Prix,After Practice,scored,replayed,Average points across 22 drivers and 11 constructors,10.8,23.3,17.8,33,2026-10-07,7.0,14.9,14.1,22,18.5,40.1,25.3,11
