gp_key,gp_display,mode,forecast_source,entity_type,key,name,team,estimated_points,actual_points,actual_dnf_affected
Netherlands,Dutch Grand Prix,Pre-Weekend,replayed,driver,NOR,Lando Norris,McLaren,35.71,57,No
Netherlands,Dutch Grand Prix,Pre-Weekend,replayed,driver,ANT,Kimi Antonelli,Mercedes,33.85,37,No
Netherlands,Dutch Grand Prix,Pre-Weekend,replayed,driver,RUS,George Russell,Mercedes,33.76,32,No
Netherlands,Dutch Grand Prix,Pre-Weekend,replayed,driver,HAM,Lewis Hamilton,Ferrari,25.08,23,No
Netherlands,Dutch Grand Prix,Pre-Weekend,replayed,driver,LEC,Charles Leclerc,Ferrari,21.32,39,No
Netherlands,Dutch Grand Prix,Pre-Weekend,replayed,driver,PIA,Oscar Piastri,McLaren,18.21,21,No
Netherlands,Dutch Grand Prix,Pre-Weekend,replayed,driver,VER,Max Verstappen,Red Bull Racing,17.82,-13,Yes
Netherlands,Dutch Grand Prix,Pre-Weekend,replayed,driver,LAW,Liam Lawson,Red Bull Racing,8.65,12,No
Netherlands,Dutch Grand Prix,Pre-Weekend,replayed,driver,GAS,Pierre Gasly,Alpine,3.78,8,No
Netherlands,Dutch Grand Prix,Pre-Weekend,replayed,driver,BOR,Gabriel Bortoleto,Audi,1.63,5,No
Netherlands,Dutch Grand Prix,Pre-Weekend,replayed,driver,HUL,Nico Hulkenberg,Audi,1.72,5,No
Netherlands,Dutch Grand Prix,Pre-Weekend,replayed,driver,BEA,Oliver Bearman,Haas F1 Team,0.11,-13,Yes
Netherlands,Dutch Grand Prix,Pre-Weekend,replayed,driver,OCO,Esteban Ocon,Haas F1 Team,3.69,-10,Yes
Netherlands,Dutch Grand Prix,Pre-Weekend,replayed,driver,COL,Franco Colapinto,Alpine,3.38,6,No
Netherlands,Dutch Grand Prix,Pre-Weekend,replayed,driver,SAI,Carlos Sainz,Williams,0.45,7,No
Netherlands,Dutch Grand Prix,Pre-Weekend,replayed,driver,LIN,Arvid Lindblad,Racing Bulls,2.38,7,No
Netherlands,Dutch Grand Prix,Pre-Weekend,replayed,driver,ALB,Alexander Albon,Williams,1.35,2,No
Netherlands,Dutch Grand Prix,Pre-Weekend,replayed,driver,ALO,Fernando Alonso,Aston Martin,1.66,24,No
Netherlands,Dutch Grand Prix,Pre-Weekend,replayed,driver,TSU,Yuki Tsunoda,Racing Bulls,-0.44,5,No
Netherlands,Dutch Grand Prix,Pre-Weekend,replayed,driver,PER,Sergio Perez,Cadillac,0.3,8,No
Netherlands,Dutch Grand Prix,Pre-Weekend,replayed,driver,BOT,Valtteri Bottas,Cadillac,0.44,-18,Yes
Netherlands,Dutch Grand Prix,Pre-Weekend,replayed,driver,STR,Lance Stroll,Aston Martin,0.2,-10,Yes
Netherlands,Dutch Grand Prix,Pre-Weekend,replayed,constructor,MER,Mercedes,Mercedes,77.61,84,No
Netherlands,Dutch Grand Prix,Pre-Weekend,replayed,constructor,FER,Ferrari,Ferrari,56.4,74,No
Netherlands,Dutch Grand Prix,Pre-Weekend,replayed,constructor,MCL,McLaren,McLaren,63.92,80,No
Netherlands,Dutch Grand Prix,Pre-Weekend,replayed,constructor,RBR,Red Bull Racing,Red Bull Racing,36.47,11,Yes
Netherlands,Dutch Grand Prix,Pre-Weekend,replayed,constructor,HAA,Haas F1 Team,Haas F1 Team,6.8,-20,Yes
Netherlands,Dutch Grand Prix,Pre-Weekend,replayed,constructor,ALP,Alpine,Alpine,12.16,19,No
Netherlands,Dutch Grand Prix,Pre-Weekend,replayed,constructor,RBL,Racing Bulls,Racing Bulls,2.94,22,No
Netherlands,Dutch Grand Prix,Pre-Weekend,replayed,constructor,WIL,Williams,Williams,2.8,15,No
Netherlands,Dutch Grand Prix,Pre-Weekend,replayed,constructor,CAD,Cadillac,Cadillac,-0.26,-9,Yes
Netherlands,Dutch Grand Prix,Pre-Weekend,replayed,constructor,AUD,Audi,Audi,8.35,25,No
Netherlands,Dutch Grand Prix,Pre-Weekend,replayed,constructor,AMR,Aston Martin,Aston Martin,0.86,18,Yes
Netherlands,Dutch Grand Prix,After Practice,replayed,driver,RUS,George Russell,Mercedes,39.05,32,No
Netherlands,Dutch Grand Prix,After Practice,replayed,driver,NOR,Lando Norris,McLaren,37.55,57,No
Netherlands,Dutch Grand Prix,After Practice,replayed,driver,ANT,Kimi Antonelli,Mercedes,27.79,37,No
Netherlands,Dutch Grand Prix,After Practice,replayed,driver,LEC,Charles Leclerc,Ferrari,24.27,39,No
Netherlands,Dutch Grand Prix,After Practice,replayed,driver,PIA,Oscar Piastri,McLaren,21.97,21,No
Netherlands,Dutch Grand Prix,After Practice,replayed,driver,HAM,Lewis Hamilton,Ferrari,19.97,23,No
Netherlands,Dutch Grand Prix,After Practice,replayed,driver,VER,Max Verstappen,Red Bull Racing,15.29,-13,Yes
Netherlands,Dutch Grand Prix,After Practice,replayed,driver,LAW,Liam Lawson,Red Bull Racing,7.72,12,No
Netherlands,Dutch Grand Prix,After Practice,replayed,driver,GAS,Pierre Gasly,Alpine,4.48,8,No
Netherlands,Dutch Grand Prix,After Practice,replayed,driver,LIN,Arvid Lindblad,Racing Bulls,4.07,7,No
Netherlands,Dutch Grand Prix,After Practice,replayed,driver,BOR,Gabriel Bortoleto,Audi,0.39,5,No
Netherlands,Dutch Grand Prix,After Practice,replayed,driver,TSU,Yuki Tsunoda,Racing Bulls,0.51,5,No
Netherlands,Dutch Grand Prix,After Practice,replayed,driver,HUL,Nico Hulkenberg,Audi,1.71,5,No
Netherlands,Dutch Grand Prix,After Practice,replayed,driver,COL,Franco Colapinto,Alpine,1.25,6,No
Netherlands,Dutch Grand Prix,After Practice,replayed,driver,OCO,Esteban Ocon,Haas F1 Team,3.11,-10,Yes
Netherlands,Dutch Grand Prix,After Practice,replayed,driver,BEA,Oliver Bearman,Haas F1 Team,1.48,-13,Yes
Netherlands,Dutch Grand Prix,After Practice,replayed,driver,SAI,Carlos Sainz,Williams,1.38,7,No
Netherlands,Dutch Grand Prix,After Practice,replayed,driver,ALB,Alexander Albon,Williams,1.04,2,No
Netherlands,Dutch Grand Prix,After Practice,replayed,driver,ALO,Fernando Alonso,Aston Martin,0.6,24,No
Netherlands,Dutch Grand Prix,After Practice,replayed,driver,PER,Sergio Perez,Cadillac,0.58,8,No
Netherlands,Dutch Grand Prix,After Practice,replayed,driver,BOT,Valtteri Bottas,Cadillac,-0.4,-18,Yes
Netherlands,Dutch Grand Prix,After Practice,replayed,driver,STR,Lance Stroll,Aston Martin,0.07,-10,Yes
Netherlands,Dutch Grand Prix,After Practice,replayed,constructor,MER,Mercedes,Mercedes,76.84,84,No
Netherlands,Dutch Grand Prix,After Practice,replayed,constructor,FER,Ferrari,Ferrari,54.24,74,No
Netherlands,Dutch Grand Prix,After Practice,replayed,constructor,MCL,McLaren,McLaren,69.52,80,No
Netherlands,Dutch Grand Prix,After Practice,replayed,constructor,RBR,Red Bull Racing,Red Bull Racing,33.01,11,Yes
Netherlands,Dutch Grand Prix,After Practice,replayed,constructor,HAA,Haas F1 Team,Haas F1 Team,5.59,-20,Yes
Netherlands,Dutch Grand Prix,After Practice,replayed,constructor,ALP,Alpine,Alpine,10.73,19,No
Netherlands,Dutch Grand Prix,After Practice,replayed,constructor,RBL,Racing Bulls,Racing Bulls,9.58,22,No
Netherlands,Dutch Grand Prix,After Practice,replayed,constructor,WIL,Williams,Williams,1.42,15,No
Netherlands,Dutch Grand Prix,After Practice,replayed,constructor,CAD,Cadillac,Cadillac,-0.82,-9,Yes
Netherlands,Dutch Grand Prix,After Practice,replayed,constructor,AUD,Audi,Audi,5.1,25,No
Netherlands,Dutch Grand Prix,After Practice,replayed,constructor,AMR,Aston Martin,Aston Martin,-0.33,18,Yes
Netherlands,Dutch Grand Prix,Post-Quali,archived,constructor,MER,Mercedes,Mercedes,77.76,84,No
Netherlands,Dutch Grand Prix,Post-Quali,archived,constructor,MCL,McLaren,McLaren,70.84,80,No
Netherlands,Dutch Grand Prix,Post-Quali,archived,constructor,FER,Ferrari,Ferrari,53.0,74,No
Netherlands,Dutch Grand Prix,Post-Quali,archived,constructor,RBR,Red Bull Racing,Red Bull Racing,33.56,11,Yes
Netherlands,Dutch Grand Prix,Post-Quali,archived,constructor,ALP,Alpine,Alpine,11.01,19,No
Netherlands,Dutch Grand Prix,Post-Quali,archived,constructor,RBL,Racing Bulls,Racing Bulls,9.92,22,No
Netherlands,Dutch Grand Prix,Post-Quali,archived,constructor,AUD,Audi,Audi,6.78,25,No
Netherlands,Dutch Grand Prix,Post-Quali,archived,constructor,HAA,Haas F1 Team,Haas F1 Team,3.72,-20,Yes
Netherlands,Dutch Grand Prix,Post-Quali,archived,constructor,WIL,Williams,Williams,0.57,15,No
Netherlands,Dutch Grand Prix,Post-Quali,archived,constructor,CAD,Cadillac,Cadillac,-0.97,-9,Yes
Netherlands,Dutch Grand Prix,Post-Quali,archived,constructor,AMR,Aston Martin,Aston Martin,-1.01,18,Yes
Netherlands,Dutch Grand Prix,Post-Quali,archived,driver,NOR,Lando Norris,McLaren,39.13,57,No
Netherlands,Dutch Grand Prix,Post-Quali,archived,driver,RUS,George Russell,Mercedes,35.03,32,No
Netherlands,Dutch Grand Prix,Post-Quali,archived,driver,ANT,Kimi Antonelli,Mercedes,32.73,37,No
Netherlands,Dutch Grand Prix,Post-Quali,archived,driver,HAM,Lewis Hamilton,Ferrari,23.39,23,No
Netherlands,Dutch Grand Prix,Post-Quali,archived,driver,PIA,Oscar Piastri,McLaren,21.71,21,No
Netherlands,Dutch Grand Prix,Post-Quali,archived,driver,LEC,Charles Leclerc,Ferrari,19.61,39,No
Netherlands,Dutch Grand Prix,Post-Quali,archived,driver,VER,Max Verstappen,Red Bull Racing,14.52,-13,Yes
Netherlands,Dutch Grand Prix,Post-Quali,archived,driver,LAW,Liam Lawson,Red Bull Racing,9.04,12,No
Netherlands,Dutch Grand Prix,Post-Quali,archived,driver,GAS,Pierre Gasly,Alpine,4.23,8,No
Netherlands,Dutch Grand Prix,Post-Quali,archived,driver,LIN,Arvid Lindblad,Racing Bulls,3.97,7,No
Netherlands,Dutch Grand Prix,Post-Quali,archived,driver,OCO,Esteban Ocon,Haas F1 Team,1.96,-10,Yes
Netherlands,Dutch Grand Prix,Post-Quali,archived,driver,HUL,Nico Hulkenberg,Audi,1.95,5,No
Netherlands,Dutch Grand Prix,Post-Quali,archived,driver,BOR,Gabriel Bortoleto,Audi,1.83,5,No
Netherlands,Dutch Grand Prix,Post-Quali,archived,driver,COL,Franco Colapinto,Alpine,1.78,6,No
Netherlands,Dutch Grand Prix,Post-Quali,archived,driver,TSU,Yuki Tsunoda,Racing Bulls,0.95,5,No
Netherlands,Dutch Grand Prix,Post-Quali,archived,driver,SAI,Carlos Sainz,Williams,0.81,7,No
Netherlands,Dutch Grand Prix,Post-Quali,archived,driver,ALB,Alexander Albon,Williams,0.76,2,No
Netherlands,Dutch Grand Prix,Post-Quali,archived,driver,BEA,Oliver Bearman,Haas F1 Team,0.76,-13,Yes
Netherlands,Dutch Grand Prix,Post-Quali,archived,driver,ALO,Fernando Alonso,Aston Martin,0.52,24,No
Netherlands,Dutch Grand Prix,Post-Quali,archived,driver,BOT,Valtteri Bottas,Cadillac,0.32,-18,Yes
Netherlands,Dutch Grand Prix,Post-Quali,archived,driver,PER,Sergio Perez,Cadillac,-0.29,8,No
Netherlands,Dutch Grand Prix,Post-Quali,archived,driver,STR,Lance Stroll,Aston Martin,-0.53,-10,Yes
Italy,Italian Grand Prix,Pre-Weekend,archived,constructor,MER,Mercedes,Mercedes,68.68,128,No
Italy,Italian Grand Prix,Pre-Weekend,archived,constructor,MCL,McLaren,McLaren,59.82,77,No
Italy,Italian Grand Prix,Pre-Weekend,archived,constructor,FER,Ferrari,Ferrari,49.68,24,Yes
Italy,Italian Grand Prix,Pre-Weekend,archived,constructor,RBR,Red Bull Racing,Red Bull Racing,30.48,69,No
Italy,Italian Grand Prix,Pre-Weekend,archived,constructor,ALP,Alpine,Alpine,10.14,38,No
Italy,Italian Grand Prix,Pre-Weekend,archived,constructor,AUD,Audi,Audi,8.61,41,No
Italy,Italian Grand Prix,Pre-Weekend,archived,constructor,HAA,Haas F1 Team,Haas F1 Team,5.33,17,No
Italy,Italian Grand Prix,Pre-Weekend,archived,constructor,RBL,Racing Bulls,Racing Bulls,2.5,33,No
Italy,Italian Grand Prix,Pre-Weekend,archived,constructor,WIL,Williams,Williams,1.57,34,No
Italy,Italian Grand Prix,Pre-Weekend,archived,constructor,AMR,Aston Martin,Aston Martin,0.36,-21,Yes
Italy,Italian Grand Prix,Pre-Weekend,archived,constructor,CAD,Cadillac,Cadillac,-1.0,16,No
Italy,Italian Grand Prix,Pre-Weekend,archived,driver,NOR,Lando Norris,McLaren,31.25,32,No
Italy,Italian Grand Prix,Pre-Weekend,archived,driver,RUS,George Russell,Mercedes,29.48,33,No
Italy,Italian Grand Prix,Pre-Weekend,archived,driver,ANT,Kimi Antonelli,Mercedes,29.2,93,No
Italy,Italian Grand Prix,Pre-Weekend,archived,driver,HAM,Lewis Hamilton,Ferrari,19.94,26,No
Italy,Italian Grand Prix,Pre-Weekend,archived,driver,LEC,Charles Leclerc,Ferrari,19.74,-12,Yes
Italy,Italian Grand Prix,Pre-Weekend,archived,driver,PIA,Oscar Piastri,McLaren,18.57,35,No
Italy,Italian Grand Prix,Pre-Weekend,archived,driver,VER,Max Verstappen,Red Bull Racing,13.06,37,No
Italy,Italian Grand Prix,Pre-Weekend,archived,driver,LAW,Liam Lawson,Red Bull Racing,7.42,25,No
Italy,Italian Grand Prix,Pre-Weekend,archived,driver,HUL,Nico Hulkenberg,Audi,3.19,14,No
Italy,Italian Grand Prix,Pre-Weekend,archived,driver,GAS,Pierre Gasly,Alpine,3.16,14,No
Italy,Italian Grand Prix,Pre-Weekend,archived,driver,COL,Franco Colapinto,Alpine,1.98,14,No
Italy,Italian Grand Prix,Pre-Weekend,archived,driver,ALB,Alexander Albon,Williams,1.44,17,No
Italy,Italian Grand Prix,Pre-Weekend,archived,driver,ALO,Fernando Alonso,Aston Martin,1.31,-10,Yes
Italy,Italian Grand Prix,Pre-Weekend,archived,driver,BEA,Oliver Bearman,Haas F1 Team,1.24,4,No
Italy,Italian Grand Prix,Pre-Weekend,archived,driver,SAI,Carlos Sainz,Williams,1.13,14,No
Italy,Italian Grand Prix,Pre-Weekend,archived,driver,OCO,Esteban Ocon,Haas F1 Team,1.09,10,No
Italy,Italian Grand Prix,Pre-Weekend,archived,driver,BOR,Gabriel Bortoleto,Audi,0.42,14,No
Italy,Italian Grand Prix,Pre-Weekend,archived,driver,LIN,Arvid Lindblad,Racing Bulls,0.15,11,No
Italy,Italian Grand Prix,Pre-Weekend,archived,driver,STR,Lance Stroll,Aston Martin,0.05,-10,Yes
Italy,Italian Grand Prix,Pre-Weekend,archived,driver,PER,Sergio Perez,Cadillac,0.04,13,No
Italy,Italian Grand Prix,Pre-Weekend,archived,driver,BOT,Valtteri Bottas,Cadillac,-0.04,4,No
Italy,Italian Grand Prix,Pre-Weekend,archived,driver,TSU,Yuki Tsunoda,Racing Bulls,-0.65,17,No
Italy,Italian Grand Prix,After Practice,replayed,driver,RUS,George Russell,Mercedes,31.03,33,No
Italy,Italian Grand Prix,After Practice,replayed,driver,NOR,Lando Norris,McLaren,30.74,32,No
Italy,Italian Grand Prix,After Practice,replayed,driver,HAM,Lewis Hamilton,Ferrari,20.45,26,No
Italy,Italian Grand Prix,After Practice,replayed,driver,LEC,Charles Leclerc,Ferrari,19.58,-12,Yes
Italy,Italian Grand Prix,After Practice,replayed,driver,PIA,Oscar Piastri,McLaren,18.04,35,No
Italy,Italian Grand Prix,After Practice,replayed,driver,VER,Max Verstappen,Red Bull Racing,12.09,37,No
Italy,Italian Grand Prix,After Practice,replayed,driver,ANT,Kimi Antonelli,Mercedes,56.44,93,No
Italy,Italian Grand Prix,After Practice,replayed,driver,LIN,Arvid Lindblad,Racing Bulls,4.8,11,No
Italy,Italian Grand Prix,After Practice,replayed,driver,TSU,Yuki Tsunoda,Racing Bulls,4.68,17,No
Italy,Italian Grand Prix,After Practice,replayed,driver,LAW,Liam Lawson,Red Bull Racing,4.73,25,No
Italy,Italian Grand Prix,After Practice,replayed,driver,GAS,Pierre Gasly,Alpine,1.0,14,No
Italy,Italian Grand Prix,After Practice,replayed,driver,HUL,Nico Hulkenberg,Audi,3.46,14,No
Italy,Italian Grand Prix,After Practice,replayed,driver,BOR,Gabriel Bortoleto,Audi,0.07,14,No
Italy,Italian Grand Prix,After Practice,replayed,driver,COL,Franco Colapinto,Alpine,0.65,14,No
Italy,Italian Grand Prix,After Practice,replayed,driver,OCO,Esteban Ocon,Haas F1 Team,0.96,10,No
Italy,Italian Grand Prix,After Practice,replayed,driver,SAI,Carlos Sainz,Williams,0.81,14,No
Italy,Italian Grand Prix,After Practice,replayed,driver,BEA,Oliver Bearman,Haas F1 Team,1.09,4,No
Italy,Italian Grand Prix,After Practice,replayed,driver,ALO,Fernando Alonso,Aston Martin,0.56,-10,Yes
Italy,Italian Grand Prix,After Practice,replayed,driver,ALB,Alexander Albon,Williams,1.16,17,No
Italy,Italian Grand Prix,After Practice,replayed,driver,PER,Sergio Perez,Cadillac,-0.13,13,No
Italy,Italian Grand Prix,After Practice,replayed,driver,BOT,Valtteri Bottas,Cadillac,-0.67,4,No
Italy,Italian Grand Prix,After Practice,replayed,driver,STR,Lance Stroll,Aston Martin,-0.93,-10,Yes
Italy,Italian Grand Prix,After Practice,replayed,constructor,MER,Mercedes,Mercedes,97.47,128,No
Italy,Italian Grand Prix,After Practice,replayed,constructor,FER,Ferrari,Ferrari,50.03,24,Yes
Italy,Italian Grand Prix,After Practice,replayed,constructor,MCL,McLaren,McLaren,58.78,77,No
Italy,Italian Grand Prix,After Practice,replayed,constructor,RBR,Red Bull Racing,Red Bull Racing,21.82,69,No
Italy,Italian Grand Prix,After Practice,replayed,constructor,HAA,Haas F1 Team,Haas F1 Team,3.05,17,No
Italy,Italian Grand Prix,After Practice,replayed,constructor,ALP,Alpine,Alpine,6.65,38,No
Italy,Italian Grand Prix,After Practice,replayed,constructor,RBL,Racing Bulls,Racing Bulls,19.48,33,No
Italy,Italian Grand Prix,After Practice,replayed,constructor,WIL,Williams,Williams,0.97,34,No
Italy,Italian Grand Prix,After Practice,replayed,constructor,CAD,Cadillac,Cadillac,-1.8,16,No
Italy,Italian Grand Prix,After Practice,replayed,constructor,AUD,Audi,Audi,6.53,41,No
Italy,Italian Grand Prix,After Practice,replayed,constructor,AMR,Aston Martin,Aston Martin,-1.37,-21,Yes
Italy,Italian Grand Prix,Post-Quali,archived,driver,ANT,Kimi Antonelli,Mercedes,42.32,93,No
Italy,Italian Grand Prix,Post-Quali,archived,driver,RUS,George Russell,Mercedes,34.89,33,No
Italy,Italian Grand Prix,Post-Quali,archived,driver,LEC,Charles Leclerc,Ferrari,24.89,-12,Yes
Italy,Italian Grand Prix,Post-Quali,archived,driver,VER,Max Verstappen,Red Bull Racing,11.6,37,No
Italy,Italian Grand Prix,Post-Quali,archived,driver,HAM,Lewis Hamilton,Ferrari,23.43,26,No
Italy,Italian Grand Prix,Post-Quali,archived,driver,NOR,Lando Norris,McLaren,28.84,32,No
Italy,Italian Grand Prix,Post-Quali,archived,driver,PIA,Oscar Piastri,McLaren,16.1,35,No
Italy,Italian Grand Prix,Post-Quali,archived,driver,SAI,Carlos Sainz,Williams,-1.21,14,No
Italy,Italian Grand Prix,Post-Quali,archived,driver,OCO,Esteban Ocon,Haas F1 Team,0.61,10,No
Italy,Italian Grand Prix,Post-Quali,archived,driver,PER,Sergio Perez,Cadillac,-1.54,13,No
Italy,Italian Grand Prix,Post-Quali,archived,driver,BEA,Oliver Bearman,Haas F1 Team,-1.2,4,No
Italy,Italian Grand Prix,Post-Quali,archived,driver,COL,Franco Colapinto,Alpine,-2.54,14,No
Italy,Italian Grand Prix,Post-Quali,archived,driver,LAW,Liam Lawson,Red Bull Racing,7.57,25,No
Italy,Italian Grand Prix,Post-Quali,archived,driver,GAS,Pierre Gasly,Alpine,4.67,14,No
Italy,Italian Grand Prix,Post-Quali,archived,driver,ALB,Alexander Albon,Williams,2.77,17,No
Italy,Italian Grand Prix,Post-Quali,archived,driver,LIN,Arvid Lindblad,Racing Bulls,4.92,11,No
Italy,Italian Grand Prix,Post-Quali,archived,driver,BOR,Gabriel Bortoleto,Audi,2.43,14,No
Italy,Italian Grand Prix,Post-Quali,archived,driver,ALO,Fernando Alonso,Aston Martin,-1.34,-10,Yes
Italy,Italian Grand Prix,Post-Quali,archived,driver,TSU,Yuki Tsunoda,Racing Bulls,5.36,17,No
Italy,Italian Grand Prix,Post-Quali,archived,driver,BOT,Valtteri Bottas,Cadillac,-1.75,4,No
Italy,Italian Grand Prix,Post-Quali,archived,driver,HUL,Nico Hulkenberg,Audi,3.7,14,No
Italy,Italian Grand Prix,Post-Quali,archived,driver,STR,Lance Stroll,Aston Martin,-2.0,-10,Yes
Italy,Italian Grand Prix,Post-Quali,archived,constructor,MER,Mercedes,Mercedes,87.21,128,No
Italy,Italian Grand Prix,Post-Quali,archived,constructor,FER,Ferrari,Ferrari,58.32,24,Yes
Italy,Italian Grand Prix,Post-Quali,archived,constructor,MCL,McLaren,McLaren,54.94,77,No
Italy,Italian Grand Prix,Post-Quali,archived,constructor,RBR,Red Bull Racing,Red Bull Racing,24.17,69,No
Italy,Italian Grand Prix,Post-Quali,archived,constructor,HAA,Haas F1 Team,Haas F1 Team,0.41,17,No
Italy,Italian Grand Prix,Post-Quali,archived,constructor,ALP,Alpine,Alpine,7.13,38,No
Italy,Italian Grand Prix,Post-Quali,archived,constructor,RBL,Racing Bulls,Racing Bulls,15.28,33,No
Italy,Italian Grand Prix,Post-Quali,archived,constructor,WIL,Williams,Williams,0.56,34,No
Italy,Italian Grand Prix,Post-Quali,archived,constructor,CAD,Cadillac,Cadillac,-4.29,16,No
Italy,Italian Grand Prix,Post-Quali,archived,constructor,AUD,Audi,Audi,11.13,41,No
Italy,Italian Grand Prix,Post-Quali,archived,constructor,AMR,Aston Martin,Aston Martin,-4.34,-21,Yes
Madrid,Spanish Grand Prix,Pre-Weekend,replayed,driver,NOR,Lando Norris,McLaren,29.61,23,No
Madrid,Spanish Grand Prix,Pre-Weekend,replayed,driver,RUS,George Russell,Mercedes,29.59,27,No
Madrid,Spanish Grand Prix,Pre-Weekend,replayed,driver,ANT,Kimi Antonelli,Mercedes,26.54,35,No
Madrid,Spanish Grand Prix,Pre-Weekend,replayed,driver,PIA,Oscar Piastri,McLaren,19.5,9,No
Madrid,Spanish Grand Prix,Pre-Weekend,replayed,driver,HAM,Lewis Hamilton,Ferrari,17.8,-13,Yes
Madrid,Spanish Grand Prix,Pre-Weekend,replayed,driver,LEC,Charles Leclerc,Ferrari,14.48,19,No
Madrid,Spanish Grand Prix,Pre-Weekend,replayed,driver,VER,Max Verstappen,Red Bull Racing,9.72,38,No
Madrid,Spanish Grand Prix,Pre-Weekend,replayed,driver,TSU,Yuki Tsunoda,Racing Bulls,8.81,1,No
Madrid,Spanish Grand Prix,Pre-Weekend,replayed,driver,LIN,Arvid Lindblad,Racing Bulls,6.82,5,No
Madrid,Spanish Grand Prix,Pre-Weekend,replayed,driver,GAS,Pierre Gasly,Alpine,2.9,4,No
Madrid,Spanish Grand Prix,Pre-Weekend,replayed,driver,LAW,Liam Lawson,Red Bull Racing,4.1,16,No
Madrid,Spanish Grand Prix,Pre-Weekend,replayed,driver,BOR,Gabriel Bortoleto,Audi,0.73,0,No
Madrid,Spanish Grand Prix,Pre-Weekend,replayed,driver,HUL,Nico Hulkenberg,Audi,2.49,2,No
Madrid,Spanish Grand Prix,Pre-Weekend,replayed,driver,COL,Franco Colapinto,Alpine,3.28,13,No
Madrid,Spanish Grand Prix,Pre-Weekend,replayed,driver,SAI,Carlos Sainz,Williams,0.94,-18,Yes
Madrid,Spanish Grand Prix,Pre-Weekend,replayed,driver,OCO,Esteban Ocon,Haas F1 Team,0.98,5,No
Madrid,Spanish Grand Prix,Pre-Weekend,replayed,driver,BEA,Oliver Bearman,Haas F1 Team,1.13,3,No
Madrid,Spanish Grand Prix,Pre-Weekend,replayed,driver,ALB,Alexander Albon,Williams,1.61,4,No
Madrid,Spanish Grand Prix,Pre-Weekend,replayed,driver,ALO,Fernando Alonso,Aston Martin,1.17,4,No
Madrid,Spanish Grand Prix,Pre-Weekend,replayed,driver,PER,Sergio Perez,Cadillac,0.73,-18,Yes
Madrid,Spanish Grand Prix,Pre-Weekend,replayed,driver,BOT,Valtteri Bottas,Cadillac,0.32,1,No
Madrid,Spanish Grand Prix,Pre-Weekend,replayed,driver,STR,Lance Stroll,Aston Martin,0.15,-22,Yes
Madrid,Spanish Grand Prix,Pre-Weekend,replayed,constructor,MER,Mercedes,Mercedes,66.13,87,No
Madrid,Spanish Grand Prix,Pre-Weekend,replayed,constructor,FER,Ferrari,Ferrari,42.28,18,Yes
Madrid,Spanish Grand Prix,Pre-Weekend,replayed,constructor,MCL,McLaren,McLaren,59.11,44,No
Madrid,Spanish Grand Prix,Pre-Weekend,replayed,constructor,RBR,Red Bull Racing,Red Bull Racing,18.82,59,No
Madrid,Spanish Grand Prix,Pre-Weekend,replayed,constructor,HAA,Haas F1 Team,Haas F1 Team,1.11,11,No
Madrid,Spanish Grand Prix,Pre-Weekend,replayed,constructor,ALP,Alpine,Alpine,11.18,24,No
Madrid,Spanish Grand Prix,Pre-Weekend,replayed,constructor,RBL,Racing Bulls,Racing Bulls,25.63,13,No
Madrid,Spanish Grand Prix,Pre-Weekend,replayed,constructor,WIL,Williams,Williams,3.55,-11,Yes
Madrid,Spanish Grand Prix,Pre-Weekend,replayed,constructor,CAD,Cadillac,Cadillac,0.05,-16,Yes
Madrid,Spanish Grand Prix,Pre-Weekend,replayed,constructor,AUD,Audi,Audi,6.22,10,No
Madrid,Spanish Grand Prix,Pre-Weekend,replayed,constructor,AMR,Aston Martin,Aston Martin,0.32,-17,Yes
Madrid,Spanish Grand Prix,After Practice,replayed,driver,NOR,Lando Norris,McLaren,31.82,23,No
Madrid,Spanish Grand Prix,After Practice,replayed,driver,RUS,George Russell,Mercedes,28.11,27,No
Madrid,Spanish Grand Prix,After Practice,replayed,driver,ANT,Kimi Antonelli,Mercedes,24.6,35,No
Madrid,Spanish Grand Prix,After Practice,replayed,driver,PIA,Oscar Piastri,McLaren,20.86,9,No
Madrid,Spanish Grand Prix,After Practice,replayed,driver,HAM,Lewis Hamilton,Ferrari,17.76,-13,Yes
Madrid,Spanish Grand Prix,After Practice,replayed,driver,LEC,Charles Leclerc,Ferrari,14.98,19,No
Madrid,Spanish Grand Prix,After Practice,replayed,driver,VER,Max Verstappen,Red Bull Racing,10.78,38,No
Madrid,Spanish Grand Prix,After Practice,replayed,driver,TSU,Yuki Tsunoda,Racing Bulls,6.58,1,No
Madrid,Spanish Grand Prix,After Practice,replayed,driver,LIN,Arvid Lindblad,Racing Bulls,6.06,5,No
Madrid,Spanish Grand Prix,After Practice,replayed,driver,LAW,Liam Lawson,Red Bull Racing,5.03,16,No
Madrid,Spanish Grand Prix,After Practice,replayed,driver,GAS,Pierre Gasly,Alpine,2.46,4,No
Madrid,Spanish Grand Prix,After Practice,replayed,driver,BOR,Gabriel Bortoleto,Audi,1.3,0,No
Madrid,Spanish Grand Prix,After Practice,replayed,driver,HUL,Nico Hulkenberg,Audi,3.96,2,No
Madrid,Spanish Grand Prix,After Practice,replayed,driver,COL,Franco Colapinto,Alpine,2.62,13,No
Madrid,Spanish Grand Prix,After Practice,replayed,driver,OCO,Esteban Ocon,Haas F1 Team,1.17,5,No
Madrid,Spanish Grand Prix,After Practice,replayed,driver,BEA,Oliver Bearman,Haas F1 Team,1.05,3,No
Madrid,Spanish Grand Prix,After Practice,replayed,driver,SAI,Carlos Sainz,Williams,1.2,-18,Yes
Madrid,Spanish Grand Prix,After Practice,replayed,driver,ALO,Fernando Alonso,Aston Martin,1.2,4,No
Madrid,Spanish Grand Prix,After Practice,replayed,driver,ALB,Alexander Albon,Williams,1.26,4,No
Madrid,Spanish Grand Prix,After Practice,replayed,driver,PER,Sergio Perez,Cadillac,0.63,-18,Yes
Madrid,Spanish Grand Prix,After Practice,replayed,driver,BOT,Valtteri Bottas,Cadillac,0.31,1,No
Madrid,Spanish Grand Prix,After Practice,replayed,driver,STR,Lance Stroll,Aston Martin,0.3,-22,Yes
Madrid,Spanish Grand Prix,After Practice,replayed,constructor,MER,Mercedes,Mercedes,62.71,87,No
Madrid,Spanish Grand Prix,After Practice,replayed,constructor,FER,Ferrari,Ferrari,42.74,18,Yes
Madrid,Spanish Grand Prix,After Practice,replayed,constructor,MCL,McLaren,McLaren,62.68,44,No
Madrid,Spanish Grand Prix,After Practice,replayed,constructor,RBR,Red Bull Racing,Red Bull Racing,20.81,59,No
Madrid,Spanish Grand Prix,After Practice,replayed,constructor,HAA,Haas F1 Team,Haas F1 Team,3.22,11,No
Madrid,Spanish Grand Prix,After Practice,replayed,constructor,ALP,Alpine,Alpine,10.08,24,No
Madrid,Spanish Grand Prix,After Practice,replayed,constructor,RBL,Racing Bulls,Racing Bulls,22.64,13,No
Madrid,Spanish Grand Prix,After Practice,replayed,constructor,WIL,Williams,Williams,1.46,-11,Yes
Madrid,Spanish Grand Prix,After Practice,replayed,constructor,CAD,Cadillac,Cadillac,-0.06,-16,Yes
Madrid,Spanish Grand Prix,After Practice,replayed,constructor,AUD,Audi,Audi,8.26,10,No
Madrid,Spanish Grand Prix,After Practice,replayed,constructor,AMR,Aston Martin,Aston Martin,0.5,-17,Yes
Madrid,Spanish Grand Prix,Post-Quali,archived,driver,ANT,Kimi Antonelli,Mercedes,24.38,35,No
Madrid,Spanish Grand Prix,Post-Quali,archived,driver,HAM,Lewis Hamilton,Ferrari,17.88,-13,Yes
Madrid,Spanish Grand Prix,Post-Quali,archived,driver,RUS,George Russell,Mercedes,23.94,27,No
Madrid,Spanish Grand Prix,Post-Quali,archived,driver,NOR,Lando Norris,McLaren,34.29,23,No
Madrid,Spanish Grand Prix,Post-Quali,archived,driver,VER,Max Verstappen,Red Bull Racing,9.97,38,No
Madrid,Spanish Grand Prix,Post-Quali,archived,driver,LEC,Charles Leclerc,Ferrari,14.91,19,No
Madrid,Spanish Grand Prix,Post-Quali,archived,driver,PIA,Oscar Piastri,McLaren,25.82,9,No
Madrid,Spanish Grand Prix,Post-Quali,archived,driver,GAS,Pierre Gasly,Alpine,4.28,4,No
Madrid,Spanish Grand Prix,Post-Quali,archived,driver,COL,Franco Colapinto,Alpine,-1.49,13,No
Madrid,Spanish Grand Prix,Post-Quali,archived,driver,OCO,Esteban Ocon,Haas F1 Team,0.07,5,No
Madrid,Spanish Grand Prix,Post-Quali,archived,driver,LIN,Arvid Lindblad,Racing Bulls,6.89,5,No
Madrid,Spanish Grand Prix,Post-Quali,archived,driver,SAI,Carlos Sainz,Williams,0.99,-18,Yes
Madrid,Spanish Grand Prix,Post-Quali,archived,driver,BOR,Gabriel Bortoleto,Audi,3.17,0,No
Madrid,Spanish Grand Prix,Post-Quali,archived,driver,BEA,Oliver Bearman,Haas F1 Team,3.75,3,No
Madrid,Spanish Grand Prix,Post-Quali,archived,driver,LAW,Liam Lawson,Red Bull Racing,6.9,16,No
Madrid,Spanish Grand Prix,Post-Quali,archived,driver,ALB,Alexander Albon,Williams,1.09,4,No
Madrid,Spanish Grand Prix,Post-Quali,archived,driver,TSU,Yuki Tsunoda,Racing Bulls,10.19,1,No
Madrid,Spanish Grand Prix,Post-Quali,archived,driver,ALO,Fernando Alonso,Aston Martin,1.67,4,No
Madrid,Spanish Grand Prix,Post-Quali,archived,driver,PER,Sergio Perez,Cadillac,0.39,-18,Yes
Madrid,Spanish Grand Prix,Post-Quali,archived,driver,HUL,Nico Hulkenberg,Audi,2.54,2,No
Madrid,Spanish Grand Prix,Post-Quali,archived,driver,BOT,Valtteri Bottas,Cadillac,0.77,1,No
Madrid,Spanish Grand Prix,Post-Quali,archived,driver,STR,Lance Stroll,Aston Martin,0.22,-22,Yes
Madrid,Spanish Grand Prix,Post-Quali,archived,constructor,MER,Mercedes,Mercedes,58.32,87,No
Madrid,Spanish Grand Prix,Post-Quali,archived,constructor,FER,Ferrari,Ferrari,42.79,18,Yes
Madrid,Spanish Grand Prix,Post-Quali,archived,constructor,MCL,McLaren,McLaren,70.11,44,No
Madrid,Spanish Grand Prix,Post-Quali,archived,constructor,RBR,Red Bull Racing,Red Bull Racing,26.87,59,No
Madrid,Spanish Grand Prix,Post-Quali,archived,constructor,RBL,Racing Bulls,Racing Bulls,27.08,13,No
Madrid,Spanish Grand Prix,Post-Quali,archived,constructor,ALP,Alpine,Alpine,5.79,24,No
Madrid,Spanish Grand Prix,Post-Quali,archived,constructor,HAA,Haas F1 Team,Haas F1 Team,4.82,11,No
Madrid,Spanish Grand Prix,Post-Quali,archived,constructor,AUD,Audi,Audi,8.71,10,No
Madrid,Spanish Grand Prix,Post-Quali,archived,constructor,WIL,Williams,Williams,1.08,-11,Yes
Madrid,Spanish Grand Prix,Post-Quali,archived,constructor,CAD,Cadillac,Cadillac,0.16,-16,Yes
Madrid,Spanish Grand Prix,Post-Quali,archived,constructor,AMR,Aston Martin,Aston Martin,0.89,-17,Yes
Azerbaijan,Azerbaijan Grand Prix,Post-Quali,archived,driver,ANT,Kimi Antonelli,Mercedes,34.79,28,No
Azerbaijan,Azerbaijan Grand Prix,Post-Quali,archived,driver,RUS,George Russell,Mercedes,34.22,45,No
Azerbaijan,Azerbaijan Grand Prix,Post-Quali,archived,driver,HAM,Lewis Hamilton,Ferrari,12.81,15,No
Azerbaijan,Azerbaijan Grand Prix,Post-Quali,archived,driver,VER,Max Verstappen,Red Bull Racing,15.37,43,No
Azerbaijan,Azerbaijan Grand Prix,Post-Quali,archived,driver,LEC,Charles Leclerc,Ferrari,18.8,20,No
Azerbaijan,Azerbaijan Grand Prix,Post-Quali,archived,driver,NOR,Lando Norris,McLaren,28.35,-11,Yes
Azerbaijan,Azerbaijan Grand Prix,Post-Quali,archived,driver,PIA,Oscar Piastri,McLaren,26.88,0,No
Azerbaijan,Azerbaijan Grand Prix,Post-Quali,archived,driver,HAD,Isack Hadjar,Red Bull Racing,12.75,26,No
Azerbaijan,Azerbaijan Grand Prix,Post-Quali,archived,driver,COL,Franco Colapinto,Alpine,1.24,-18,Yes
Azerbaijan,Azerbaijan Grand Prix,Post-Quali,archived,driver,OCO,Esteban Ocon,Haas F1 Team,1.11,12,No
Azerbaijan,Azerbaijan Grand Prix,Post-Quali,archived,driver,LAW,Liam Lawson,Racing Bulls,3.96,3,No
Azerbaijan,Azerbaijan Grand Prix,Post-Quali,archived,driver,GAS,Pierre Gasly,Alpine,5.14,-15,Yes
Azerbaijan,Azerbaijan Grand Prix,Post-Quali,archived,driver,LIN,Arvid Lindblad,Racing Bulls,7.26,17,No
Azerbaijan,Azerbaijan Grand Prix,Post-Quali,archived,driver,SAI,Carlos Sainz,Williams,1.59,15,No
Azerbaijan,Azerbaijan Grand Prix,Post-Quali,archived,driver,BOR,Gabriel Bortoleto,Audi,3.76,8,No
Azerbaijan,Azerbaijan Grand Prix,Post-Quali,archived,driver,BEA,Oliver Bearman,Haas F1 Team,-1.28,6,No
Azerbaijan,Azerbaijan Grand Prix,Post-Quali,archived,driver,PER,Sergio Perez,Cadillac,0.96,11,No
Azerbaijan,Azerbaijan Grand Prix,Post-Quali,archived,driver,ALB,Alexander Albon,Williams,-1.89,-16,Yes
Azerbaijan,Azerbaijan Grand Prix,Post-Quali,archived,driver,ALO,Fernando Alonso,Aston Martin,1.74,-14,Yes
Azerbaijan,Azerbaijan Grand Prix,Post-Quali,archived,driver,HUL,Nico Hulkenberg,Audi,5.12,15,No
Azerbaijan,Azerbaijan Grand Prix,Post-Quali,archived,driver,BOT,Valtteri Bottas,Cadillac,0.09,6,No
Azerbaijan,Azerbaijan Grand Prix,Post-Quali,archived,driver,STR,Lance Stroll,Aston Martin,0.56,-20,Yes
Azerbaijan,Azerbaijan Grand Prix,Post-Quali,archived,constructor,MER,Mercedes,Mercedes,78.09,88,No
Azerbaijan,Azerbaijan Grand Prix,Post-Quali,archived,constructor,FER,Ferrari,Ferrari,45.63,45,No
Azerbaijan,Azerbaijan Grand Prix,Post-Quali,archived,constructor,MCL,McLaren,McLaren,68.61,1,Yes
Azerbaijan,Azerbaijan Grand Prix,Post-Quali,archived,constructor,RBR,Red Bull Racing,Red Bull Racing,42.08,71,No
Azerbaijan,Azerbaijan Grand Prix,Post-Quali,archived,constructor,RBL,Racing Bulls,Racing Bulls,17.87,23,No
Azerbaijan,Azerbaijan Grand Prix,Post-Quali,archived,constructor,ALP,Alpine,Alpine,19.7,-18,Yes
Azerbaijan,Azerbaijan Grand Prix,Post-Quali,archived,constructor,HAA,Haas F1 Team,Haas F1 Team,6.43,21,No
Azerbaijan,Azerbaijan Grand Prix,Post-Quali,archived,constructor,AUD,Audi,Audi,11.2,27,No
Azerbaijan,Azerbaijan Grand Prix,Post-Quali,archived,constructor,WIL,Williams,Williams,8.11,6,Yes
Azerbaijan,Azerbaijan Grand Prix,Post-Quali,archived,constructor,CAD,Cadillac,Cadillac,2.98,16,No
Azerbaijan,Azerbaijan Grand Prix,Post-Quali,archived,constructor,AMR,Aston Martin,Aston Martin,4.28,-35,Yes
Azerbaijan,Azerbaijan Grand Prix,Pre-Weekend,replayed,driver,NOR,Lando Norris,McLaren,31.5,-11,Yes
Azerbaijan,Azerbaijan Grand Prix,Pre-Weekend,replayed,driver,ANT,Kimi Antonelli,Mercedes,28.81,28,No
Azerbaijan,Azerbaijan Grand Prix,Pre-Weekend,replayed,driver,RUS,George Russell,Mercedes,26.01,45,No
Azerbaijan,Azerbaijan Grand Prix,Pre-Weekend,replayed,driver,PIA,Oscar Piastri,McLaren,20.46,0,No
Azerbaijan,Azerbaijan Grand Prix,Pre-Weekend,replayed,driver,HAM,Lewis Hamilton,Ferrari,16.82,15,No
Azerbaijan,Azerbaijan Grand Prix,Pre-Weekend,replayed,driver,LEC,Charles Leclerc,Ferrari,15.07,20,No
Azerbaijan,Azerbaijan Grand Prix,Pre-Weekend,replayed,driver,VER,Max Verstappen,Red Bull Racing,10.36,43,No
Azerbaijan,Azerbaijan Grand Prix,Pre-Weekend,replayed,driver,LIN,Arvid Lindblad,Racing Bulls,5.97,17,No
Azerbaijan,Azerbaijan Grand Prix,Pre-Weekend,replayed,driver,LAW,Liam Lawson,Racing Bulls,5.16,3,No
Azerbaijan,Azerbaijan Grand Prix,Pre-Weekend,replayed,driver,GAS,Pierre Gasly,Alpine,4.74,-15,Yes
Azerbaijan,Azerbaijan Grand Prix,Pre-Weekend,replayed,driver,HAD,Isack Hadjar,Red Bull Racing,3.74,26,No
Azerbaijan,Azerbaijan Grand Prix,Pre-Weekend,replayed,driver,HUL,Nico Hulkenberg,Audi,3.43,15,No
Azerbaijan,Azerbaijan Grand Prix,Pre-Weekend,replayed,driver,BOR,Gabriel Bortoleto,Audi,1.05,8,No
Azerbaijan,Azerbaijan Grand Prix,Pre-Weekend,replayed,driver,COL,Franco Colapinto,Alpine,3.42,-18,Yes
Azerbaijan,Azerbaijan Grand Prix,Pre-Weekend,replayed,driver,SAI,Carlos Sainz,Williams,1.27,15,No
Azerbaijan,Azerbaijan Grand Prix,Pre-Weekend,replayed,driver,OCO,Esteban Ocon,Haas F1 Team,1.19,12,No
Azerbaijan,Azerbaijan Grand Prix,Pre-Weekend,replayed,driver,BEA,Oliver Bearman,Haas F1 Team,1.44,6,No
Azerbaijan,Azerbaijan Grand Prix,Pre-Weekend,replayed,driver,ALB,Alexander Albon,Williams,1.8,-16,Yes
Azerbaijan,Azerbaijan Grand Prix,Pre-Weekend,replayed,driver,ALO,Fernando Alonso,Aston Martin,1.39,-14,Yes
Azerbaijan,Azerbaijan Grand Prix,Pre-Weekend,replayed,driver,PER,Sergio Perez,Cadillac,0.65,11,No
Azerbaijan,Azerbaijan Grand Prix,Pre-Weekend,replayed,driver,BOT,Valtteri Bottas,Cadillac,0.56,6,No
Azerbaijan,Azerbaijan Grand Prix,Pre-Weekend,replayed,driver,STR,Lance Stroll,Aston Martin,0.22,-20,Yes
Azerbaijan,Azerbaijan Grand Prix,Pre-Weekend,replayed,constructor,MER,Mercedes,Mercedes,64.82,88,No
Azerbaijan,Azerbaijan Grand Prix,Pre-Weekend,replayed,constructor,FER,Ferrari,Ferrari,41.89,45,No
Azerbaijan,Azerbaijan Grand Prix,Pre-Weekend,replayed,constructor,MCL,McLaren,McLaren,61.96,1,Yes
Azerbaijan,Azerbaijan Grand Prix,Pre-Weekend,replayed,constructor,RBR,Red Bull Racing,Red Bull Racing,19.1,71,No
Azerbaijan,Azerbaijan Grand Prix,Pre-Weekend,replayed,constructor,HAA,Haas F1 Team,Haas F1 Team,1.63,21,No
Azerbaijan,Azerbaijan Grand Prix,Pre-Weekend,replayed,constructor,ALP,Alpine,Alpine,13.16,-18,Yes
Azerbaijan,Azerbaijan Grand Prix,Pre-Weekend,replayed,constructor,RBL,Racing Bulls,Racing Bulls,21.13,23,No
Azerbaijan,Azerbaijan Grand Prix,Pre-Weekend,replayed,constructor,WIL,Williams,Williams,4.07,6,Yes
Azerbaijan,Azerbaijan Grand Prix,Pre-Weekend,replayed,constructor,CAD,Cadillac,Cadillac,0.21,16,No
Azerbaijan,Azerbaijan Grand Prix,Pre-Weekend,replayed,constructor,AUD,Audi,Audi,7.48,27,No
Azerbaijan,Azerbaijan Grand Prix,Pre-Weekend,replayed,constructor,AMR,Aston Martin,Aston Martin,0.61,-35,Yes
Azerbaijan,Azerbaijan Grand Prix,After Practice,replayed,driver,ANT,Kimi Antonelli,Mercedes,30.58,28,No
Azerbaijan,Azerbaijan Grand Prix,After Practice,replayed,driver,NOR,Lando Norris,McLaren,27.8,-11,Yes
Azerbaijan,Azerbaijan Grand Prix,After Practice,replayed,driver,RUS,George Russell,Mercedes,27.83,45,No
Azerbaijan,Azerbaijan Grand Prix,After Practice,replayed,driver,PIA,Oscar Piastri,McLaren,21.2,0,No
Azerbaijan,Azerbaijan Grand Prix,After Practice,replayed,driver,HAM,Lewis Hamilton,Ferrari,14.27,15,No
Azerbaijan,Azerbaijan Grand Prix,After Practice,replayed,driver,LEC,Charles Leclerc,Ferrari,14.35,20,No
Azerbaijan,Azerbaijan Grand Prix,After Practice,replayed,driver,VER,Max Verstappen,Red Bull Racing,13.18,43,No
Azerbaijan,Azerbaijan Grand Prix,After Practice,replayed,driver,HAD,Isack Hadjar,Red Bull Racing,6.79,26,No
Azerbaijan,Azerbaijan Grand Prix,After Practice,replayed,driver,LAW,Liam Lawson,Racing Bulls,3.37,3,No
Azerbaijan,Azerbaijan Grand Prix,After Practice,replayed,driver,LIN,Arvid Lindblad,Racing Bulls,4.53,17,No
Azerbaijan,Azerbaijan Grand Prix,After Practice,replayed,driver,GAS,Pierre Gasly,Alpine,3.87,-15,Yes
Azerbaijan,Azerbaijan Grand Prix,After Practice,replayed,driver,HUL,Nico Hulkenberg,Audi,4.49,15,No
Azerbaijan,Azerbaijan Grand Prix,After Practice,replayed,driver,BOR,Gabriel Bortoleto,Audi,1.81,8,No
Azerbaijan,Azerbaijan Grand Prix,After Practice,replayed,driver,COL,Franco Colapinto,Alpine,3.21,-18,Yes
Azerbaijan,Azerbaijan Grand Prix,After Practice,replayed,driver,OCO,Esteban Ocon,Haas F1 Team,1.73,12,No
Azerbaijan,Azerbaijan Grand Prix,After Practice,replayed,driver,BEA,Oliver Bearman,Haas F1 Team,1.16,6,No
Azerbaijan,Azerbaijan Grand Prix,After Practice,replayed,driver,SAI,Carlos Sainz,Williams,1.15,15,No
Azerbaijan,Azerbaijan Grand Prix,After Practice,replayed,driver,ALB,Alexander Albon,Williams,2.03,-16,Yes
Azerbaijan,Azerbaijan Grand Prix,After Practice,replayed,driver,ALO,Fernando Alonso,Aston Martin,1.18,-14,Yes
Azerbaijan,Azerbaijan Grand Prix,After Practice,replayed,driver,PER,Sergio Perez,Cadillac,0.56,11,No
Azerbaijan,Azerbaijan Grand Prix,After Practice,replayed,driver,BOT,Valtteri Bottas,Cadillac,0.48,6,No
Azerbaijan,Azerbaijan Grand Prix,After Practice,replayed,driver,STR,Lance Stroll,Aston Martin,0.25,-20,Yes
Azerbaijan,Azerbaijan Grand Prix,After Practice,replayed,constructor,MER,Mercedes,Mercedes,68.41,88,No
Azerbaijan,Azerbaijan Grand Prix,After Practice,replayed,constructor,FER,Ferrari,Ferrari,38.62,45,No
Azerbaijan,Azerbaijan Grand Prix,After Practice,replayed,constructor,MCL,McLaren,McLaren,59.0,1,Yes
Azerbaijan,Azerbaijan Grand Prix,After Practice,replayed,constructor,RBR,Red Bull Racing,Red Bull Racing,29.97,71,No
Azerbaijan,Azerbaijan Grand Prix,After Practice,replayed,constructor,HAA,Haas F1 Team,Haas F1 Team,3.89,21,No
Azerbaijan,Azerbaijan Grand Prix,After Practice,replayed,constructor,ALP,Alpine,Alpine,12.08,-18,Yes
Azerbaijan,Azerbaijan Grand Prix,After Practice,replayed,constructor,RBL,Racing Bulls,Racing Bulls,12.9,23,No
Azerbaijan,Azerbaijan Grand Prix,After Practice,replayed,constructor,WIL,Williams,Williams,2.18,6,Yes
Azerbaijan,Azerbaijan Grand Prix,After Practice,replayed,constructor,CAD,Cadillac,Cadillac,0.04,16,No
Azerbaijan,Azerbaijan Grand Prix,After Practice,replayed,constructor,AUD,Audi,Audi,9.3,27,No
Azerbaijan,Azerbaijan Grand Prix,After Practice,replayed,constructor,AMR,Aston Martin,Aston Martin,0.43,-35,Yes
Bahrain,Bahrain Grand Prix,Post-Quali,archived,driver,ANT,Kimi Antonelli,Mercedes,25.92,29,No
Bahrain,Bahrain Grand Prix,Post-Quali,archived,driver,VER,Max Verstappen,Red Bull Racing,25.83,57,No
Bahrain,Bahrain Grand Prix,Post-Quali,archived,driver,HAM,Lewis Hamilton,Ferrari,21.34,32,No
Bahrain,Bahrain Grand Prix,Post-Quali,archived,driver,RUS,George Russell,Mercedes,17.81,-5,Yes
Bahrain,Bahrain Grand Prix,Post-Quali,archived,driver,LEC,Charles Leclerc,Ferrari,13.42,33,No
Bahrain,Bahrain Grand Prix,Post-Quali,archived,driver,NOR,Lando Norris,McLaren,19.66,16,No
Bahrain,Bahrain Grand Prix,Post-Quali,archived,driver,PIA,Oscar Piastri,McLaren,15.92,29,No
Bahrain,Bahrain Grand Prix,Post-Quali,archived,driver,LAW,Liam Lawson,Racing Bulls,4.06,17,No
Bahrain,Bahrain Grand Prix,Post-Quali,archived,driver,COL,Franco Colapinto,Alpine,2.65,13,No
Bahrain,Bahrain Grand Prix,Post-Quali,archived,driver,HAD,Isack Hadjar,Red Bull Racing,14.96,25,No
Bahrain,Bahrain Grand Prix,Post-Quali,archived,driver,OCO,Esteban Ocon,Haas F1 Team,2.74,12,No
Bahrain,Bahrain Grand Prix,Post-Quali,archived,driver,LIN,Arvid Lindblad,Racing Bulls,7.96,28,No
Bahrain,Bahrain Grand Prix,Post-Quali,archived,driver,GAS,Pierre Gasly,Alpine,3.77,0,No
Bahrain,Bahrain Grand Prix,Post-Quali,archived,driver,SAI,Carlos Sainz,Williams,-1.37,4,No
Bahrain,Bahrain Grand Prix,Post-Quali,archived,driver,BOR,Gabriel Bortoleto,Audi,3.88,4,No
Bahrain,Bahrain Grand Prix,Post-Quali,archived,driver,BEA,Oliver Bearman,Haas F1 Team,0.65,7,No
Bahrain,Bahrain Grand Prix,Post-Quali,archived,driver,PER,Sergio Perez,Cadillac,-2.78,9,No
Bahrain,Bahrain Grand Prix,Post-Quali,archived,driver,ALO,Fernando Alonso,Aston Martin,-1.65,17,No
Bahrain,Bahrain Grand Prix,Post-Quali,archived,driver,HUL,Nico Hulkenberg,Audi,7.05,19,No
Bahrain,Bahrain Grand Prix,Post-Quali,archived,driver,ALB,Alexander Albon,Williams,-2.31,-10,Yes
Bahrain,Bahrain Grand Prix,Post-Quali,archived,driver,BOT,Valtteri Bottas,Cadillac,-5.57,-20,Yes
Bahrain,Bahrain Grand Prix,Post-Quali,archived,driver,STR,Lance Stroll,Aston Martin,-8.71,11,No
Bahrain,Bahrain Grand Prix,Post-Quali,archived,constructor,MER,Mercedes,Mercedes,57.06,39,Yes
Bahrain,Bahrain Grand Prix,Post-Quali,archived,constructor,FER,Ferrari,Ferrari,48.23,80,No
Bahrain,Bahrain Grand Prix,Post-Quali,archived,constructor,RBR,Red Bull Racing,Red Bull Racing,53.88,97,No
Bahrain,Bahrain Grand Prix,Post-Quali,archived,constructor,MCL,McLaren,McLaren,48.63,57,No
Bahrain,Bahrain Grand Prix,Post-Quali,archived,constructor,RBL,Racing Bulls,Racing Bulls,16.95,53,No
Bahrain,Bahrain Grand Prix,Post-Quali,archived,constructor,ALP,Alpine,Alpine,15.08,28,No
Bahrain,Bahrain Grand Prix,Post-Quali,archived,constructor,HAA,Haas F1 Team,Haas F1 Team,6.35,20,No
Bahrain,Bahrain Grand Prix,Post-Quali,archived,constructor,AUD,Audi,Audi,19.29,38,No
Bahrain,Bahrain Grand Prix,Post-Quali,archived,constructor,WIL,Williams,Williams,1.17,5,Yes
Bahrain,Bahrain Grand Prix,Post-Quali,archived,constructor,CAD,Cadillac,Cadillac,-5.86,-12,Yes
Bahrain,Bahrain Grand Prix,Post-Quali,archived,constructor,AMR,Aston Martin,Aston Martin,-3.93,36,No
Bahrain,Bahrain Grand Prix,Pre-Weekend,replayed,driver,RUS,George Russell,Mercedes,28.29,-5,Yes
Bahrain,Bahrain Grand Prix,Pre-Weekend,replayed,driver,NOR,Lando Norris,McLaren,26.05,16,No
Bahrain,Bahrain Grand Prix,Pre-Weekend,replayed,driver,ANT,Kimi Antonelli,Mercedes,25.42,29,No
Bahrain,Bahrain Grand Prix,Pre-Weekend,replayed,driver,PIA,Oscar Piastri,McLaren,19.47,29,No
Bahrain,Bahrain Grand Prix,Pre-Weekend,replayed,driver,LEC,Charles Leclerc,Ferrari,13.44,33,No
Bahrain,Bahrain Grand Prix,Pre-Weekend,replayed,driver,HAM,Lewis Hamilton,Ferrari,13.59,32,No
Bahrain,Bahrain Grand Prix,Pre-Weekend,replayed,driver,VER,Max Verstappen,Red Bull Racing,10.04,57,No
Bahrain,Bahrain Grand Prix,Pre-Weekend,replayed,driver,LAW,Liam Lawson,Racing Bulls,7.92,17,No
Bahrain,Bahrain Grand Prix,Pre-Weekend,replayed,driver,GAS,Pierre Gasly,Alpine,4.88,0,No
Bahrain,Bahrain Grand Prix,Pre-Weekend,replayed,driver,HUL,Nico Hulkenberg,Audi,4.9,19,No
Bahrain,Bahrain Grand Prix,Pre-Weekend,replayed,driver,COL,Franco Colapinto,Alpine,1.47,13,No
Bahrain,Bahrain Grand Prix,Pre-Weekend,replayed,driver,BOR,Gabriel Bortoleto,Audi,1.6,4,No
Bahrain,Bahrain Grand Prix,Pre-Weekend,replayed,driver,OCO,Esteban Ocon,Haas F1 Team,1.31,12,No
Bahrain,Bahrain Grand Prix,Pre-Weekend,replayed,driver,HAD,Isack Hadjar,Red Bull Racing,3.93,25,No
Bahrain,Bahrain Grand Prix,Pre-Weekend,replayed,driver,SAI,Carlos Sainz,Williams,-0.79,4,No
Bahrain,Bahrain Grand Prix,Pre-Weekend,replayed,driver,BEA,Oliver Bearman,Haas F1 Team,-0.27,7,No
Bahrain,Bahrain Grand Prix,Pre-Weekend,replayed,driver,ALB,Alexander Albon,Williams,-2.3,-10,Yes
Bahrain,Bahrain Grand Prix,Pre-Weekend,replayed,driver,LIN,Arvid Lindblad,Racing Bulls,8.64,28,No
Bahrain,Bahrain Grand Prix,Pre-Weekend,replayed,driver,ALO,Fernando Alonso,Aston Martin,-2.56,17,No
Bahrain,Bahrain Grand Prix,Pre-Weekend,replayed,driver,PER,Sergio Perez,Cadillac,-3.1,9,No
Bahrain,Bahrain Grand Prix,Pre-Weekend,replayed,driver,BOT,Valtteri Bottas,Cadillac,-5.53,-20,Yes
Bahrain,Bahrain Grand Prix,Pre-Weekend,replayed,driver,STR,Lance Stroll,Aston Martin,-7.67,11,No
Bahrain,Bahrain Grand Prix,Pre-Weekend,replayed,constructor,MER,Mercedes,Mercedes,63.71,39,Yes
Bahrain,Bahrain Grand Prix,Pre-Weekend,replayed,constructor,FER,Ferrari,Ferrari,37.03,80,No
Bahrain,Bahrain Grand Prix,Pre-Weekend,replayed,constructor,MCL,McLaren,McLaren,55.52,57,No
Bahrain,Bahrain Grand Prix,Pre-Weekend,replayed,constructor,RBR,Red Bull Racing,Red Bull Racing,18.97,97,No
Bahrain,Bahrain Grand Prix,Pre-Weekend,replayed,constructor,HAA,Haas F1 Team,Haas F1 Team,0.04,20,No
Bahrain,Bahrain Grand Prix,Pre-Weekend,replayed,constructor,ALP,Alpine,Alpine,11.35,28,No
Bahrain,Bahrain Grand Prix,Pre-Weekend,replayed,constructor,RBL,Racing Bulls,Racing Bulls,26.56,53,No
Bahrain,Bahrain Grand Prix,Pre-Weekend,replayed,constructor,WIL,Williams,Williams,-2.09,5,Yes
Bahrain,Bahrain Grand Prix,Pre-Weekend,replayed,constructor,CAD,Cadillac,Cadillac,-9.63,-12,Yes
Bahrain,Bahrain Grand Prix,Pre-Weekend,replayed,constructor,AUD,Audi,Audi,9.5,38,No
Bahrain,Bahrain Grand Prix,Pre-Weekend,replayed,constructor,AMR,Aston Martin,Aston Martin,-11.23,36,No
Bahrain,Bahrain Grand Prix,After Practice,replayed,driver,RUS,George Russell,Mercedes,26.7,-5,Yes
Bahrain,Bahrain Grand Prix,After Practice,replayed,driver,NOR,Lando Norris,McLaren,23.98,16,No
Bahrain,Bahrain Grand Prix,After Practice,replayed,driver,ANT,Kimi Antonelli,Mercedes,20.44,29,No
Bahrain,Bahrain Grand Prix,After Practice,replayed,driver,PIA,Oscar Piastri,McLaren,19.06,29,No
Bahrain,Bahrain Grand Prix,After Practice,replayed,driver,VER,Max Verstappen,Red Bull Racing,16.93,57,No
Bahrain,Bahrain Grand Prix,After Practice,replayed,driver,HAM,Lewis Hamilton,Ferrari,15.63,32,No
Bahrain,Bahrain Grand Prix,After Practice,replayed,driver,LEC,Charles Leclerc,Ferrari,14.9,33,No
Bahrain,Bahrain Grand Prix,After Practice,replayed,driver,HAD,Isack Hadjar,Red Bull Racing,9.71,25,No
Bahrain,Bahrain Grand Prix,After Practice,replayed,driver,GAS,Pierre Gasly,Alpine,3.89,0,No
Bahrain,Bahrain Grand Prix,After Practice,replayed,driver,LAW,Liam Lawson,Racing Bulls,5.05,17,No
Bahrain,Bahrain Grand Prix,After Practice,replayed,driver,HUL,Nico Hulkenberg,Audi,4.38,19,No
Bahrain,Bahrain Grand Prix,After Practice,replayed,driver,BOR,Gabriel Bortoleto,Audi,1.41,4,No
Bahrain,Bahrain Grand Prix,After Practice,replayed,driver,OCO,Esteban Ocon,Haas F1 Team,1.6,12,No
Bahrain,Bahrain Grand Prix,After Practice,replayed,driver,ALO,Fernando Alonso,Aston Martin,-2.65,17,No
Bahrain,Bahrain Grand Prix,After Practice,replayed,driver,BEA,Oliver Bearman,Haas F1 Team,0.03,7,No
Bahrain,Bahrain Grand Prix,After Practice,replayed,driver,SAI,Carlos Sainz,Williams,0.75,4,No
Bahrain,Bahrain Grand Prix,After Practice,replayed,driver,ALB,Alexander Albon,Williams,-0.38,-10,Yes
Bahrain,Bahrain Grand Prix,After Practice,replayed,driver,LIN,Arvid Lindblad,Racing Bulls,6.73,28,No
Bahrain,Bahrain Grand Prix,After Practice,replayed,driver,COL,Franco Colapinto,Alpine,1.65,13,No
Bahrain,Bahrain Grand Prix,After Practice,replayed,driver,STR,Lance Stroll,Aston Martin,-8.38,11,No
Bahrain,Bahrain Grand Prix,After Practice,replayed,driver,PER,Sergio Perez,Cadillac,-3.14,9,No
Bahrain,Bahrain Grand Prix,After Practice,replayed,driver,BOT,Valtteri Bottas,Cadillac,-5.35,-20,Yes
Bahrain,Bahrain Grand Prix,After Practice,replayed,constructor,MER,Mercedes,Mercedes,57.14,39,Yes
Bahrain,Bahrain Grand Prix,After Practice,replayed,constructor,FER,Ferrari,Ferrari,40.53,80,No
Bahrain,Bahrain Grand Prix,After Practice,replayed,constructor,MCL,McLaren,McLaren,53.04,57,No
Bahrain,Bahrain Grand Prix,After Practice,replayed,constructor,RBR,Red Bull Racing,Red Bull Racing,36.64,97,No
Bahrain,Bahrain Grand Prix,After Practice,replayed,constructor,HAA,Haas F1 Team,Haas F1 Team,0.63,20,No
Bahrain,Bahrain Grand Prix,After Practice,replayed,constructor,ALP,Alpine,Alpine,10.54,28,No
Bahrain,Bahrain Grand Prix,After Practice,replayed,constructor,RBL,Racing Bulls,Racing Bulls,16.78,53,No
Bahrain,Bahrain Grand Prix,After Practice,replayed,constructor,WIL,Williams,Williams,-0.63,5,Yes
Bahrain,Bahrain Grand Prix,After Practice,replayed,constructor,CAD,Cadillac,Cadillac,-9.49,-12,Yes
Bahrain,Bahrain Grand Prix,After Practice,replayed,constructor,AUD,Audi,Audi,8.79,38,No
Bahrain,Bahrain Grand Prix,After Practice,replayed,constructor,AMR,Aston Martin,Aston Martin,-10.03,36,No
